simulated_day,method,completed_trips,missed_trips,completion_rate,rebalancing_cost,avg_availability,remaining_bikes,moved_3_4_h,moved_12_13_h
2022-05-05,MARL,14496,254,98.28,6452,95.37,7698,2750,3702
2022-05-11,MARL,30533,5140,85.59,6778,93.82,7694,2871,3907
2022-05-05,MARL,14416,214,98.54,6018,95.55,7698,2750,3268
2022-05-11,MARL,27170,2698,90.97,6399,94.08,7694,2871,3528
2022-05-05,MARL,14431,199,98.64,6151,95.47,7698,2750,3401
2022-05-11,MARL,26832,3036,89.84,6637,93.99,7694,2871,3766
2022-05-05,MARL,14456,174,98.81,5970,95.57,7698,2750,3220
2022-05-11,MARL,27120,2748,90.8,6394,94.09,7694,2871,3523
2022-05-05,MARL,14448,182,98.76,5946,95.58,7698,2750,3196
2022-05-11,MARL,27159,2709,90.93,6366,94.1,7694,2871,3495
2022-05-05,MARL,14453,177,98.79,6071,95.51,7698,2750,3321
2022-05-11,MARL,27080,2788,90.67,6463,94.05,7694,2871,3592
2022-05-05,MARL,14463,167,98.86,5952,95.58,7698,2750,3202
2022-05-11,MARL,27136,2732,90.85,6384,94.09,7694,2871,3513
2022-05-05,MARL,14450,180,98.77,6009,95.55,7698,2750,3259
2022-05-11,MARL,27117,2751,90.79,6415,94.07,7694,2871,3544
2022-05-05,MARL,14454,176,98.8,6007,95.55,7698,2750,3257
2022-05-11,MARL,27072,2796,90.64,6426,94.07,7694,2871,3555
2022-05-05,MARL,14376,254,98.26,5598,95.77,7698,2750,2848
2022-05-11,MARL,26875,2993,89.98,5844,94.39,7694,2871,2973
2022-05-05,MARL,14451,179,98.78,5557,95.78,7698,2750,2807
2022-05-11,MARL,27178,2690,90.99,5953,94.31,7694,2871,3082
2022-05-05,MARL,14459,171,98.83,5854,95.62,7698,2750,3104
2022-05-11,MARL,27204,2664,91.08,6293,94.13,7694,2871,3422
2022-05-05,MARL,14438,192,98.69,5931,95.59,7698,2750,3181
2022-05-11,MARL,27137,2731,90.86,6373,94.09,7694,2871,3502
2022-05-05,MARL,14434,196,98.66,5926,95.59,7698,2750,3176
2022-05-11,MARL,27145,2723,90.88,6386,94.09,7694,2871,3515
2022-05-05,MARL,14450,180,98.77,5951,95.58,7698,2750,3201
2022-05-11,MARL,27126,2742,90.82,6371,94.1,7694,2871,3500
2022-05-05,MARL,14440,190,98.7,5932,95.59,7698,2750,3182
2022-05-11,MARL,27130,2738,90.83,6411,94.07,7694,2871,3540
2022-05-05,MARL,14447,183,98.75,5915,95.6,7698,2750,3165
2022-05-11,MARL,27125,2743,90.82,6404,94.08,7694,2871,3533
2022-05-05,MARL,14505,125,99.15,4682,96.23,7698,2750,1932
2022-05-11,MARL,27664,2204,92.62,4875,94.83,7694,2871,2004
2022-05-05,MARL,14475,155,98.94,5822,95.64,7698,2750,3072
2022-05-11,MARL,27137,2731,90.86,6351,94.1,7694,2871,3480
2022-05-05,MARL,14454,176,98.8,5954,95.57,7698,2750,3204
2022-05-11,MARL,27095,2773,90.72,6398,94.08,7694,2871,3527
2022-05-05,MARL,14439,191,98.69,5942,95.58,7698,2750,3192
2022-05-11,MARL,27102,2766,90.74,6413,94.08,7694,2871,3542
2022-05-05,MARL,14454,176,98.8,5967,95.57,7698,2750,3217
2022-05-11,MARL,27104,2764,90.75,6411,94.08,7694,2871,3540
2022-05-05,MARL,14426,204,98.61,5917,95.6,7698,2750,3167
2022-05-11,MARL,27114,2754,90.78,6364,94.1,7694,2871,3493
2022-05-05,MARL,14424,206,98.59,5963,95.57,7698,2750,3213
2022-05-11,MARL,27072,2796,90.64,6392,94.09,7694,2871,3521
2022-05-05,MARL,14438,192,98.69,5911,95.6,7698,2750,3161
2022-05-11,MARL,27111,2757,90.77,6361,94.1,7694,2871,3490
2022-05-05,MARL,14434,196,98.66,5946,95.58,7698,2750,3196
2022-05-11,MARL,27060,2808,90.6,6323,94.12,7694,2871,3452
2022-05-05,MARL,14467,163,98.89,5493,95.81,7698,2750,2743
2022-05-11,MARL,27206,2662,91.09,5888,94.34,7694,2871,3017
2022-05-05,MARL,14440,190,98.7,5947,95.58,7698,2750,3197
2022-05-11,MARL,27108,2760,90.76,6390,94.09,7694,2871,3519
2022-05-05,MARL,14447,183,98.75,5921,95.59,7698,2750,3171
2022-05-11,MARL,27164,2704,90.95,6387,94.08,7694,2871,3516
2022-05-05,MARL,14438,192,98.69,5925,95.59,7698,2750,3175
2022-05-11,MARL,27179,2689,91.0,6349,94.1,7694,2871,3478
2022-05-05,MARL,14432,198,98.65,5983,95.56,7698,2750,3233
2022-05-11,MARL,27202,2666,91.07,6350,94.1,7694,2871,3479
2022-05-05,MARL,14462,168,98.85,5913,95.6,7698,2750,3163
2022-05-11,MARL,27188,2680,91.03,6323,94.12,7694,2871,3452
2022-05-05,MARL,14458,172,98.82,5950,95.58,7698,2750,3200
2022-05-11,MARL,27127,2741,90.82,6400,94.08,7694,2871,3529
2022-05-05,MARL,14442,188,98.71,5554,95.78,7698,2750,2804
2022-05-11,MARL,27142,2726,90.87,5821,94.38,7694,2871,2950
2022-05-05,MARL,14450,180,98.77,5940,95.58,7698,2750,3190
2022-05-11,MARL,27089,2779,90.7,6427,94.07,7694,2871,3556
2022-05-05,MARL,14449,181,98.76,5886,95.61,7698,2750,3136
2022-05-11,MARL,27162,2706,90.94,6364,94.1,7694,2871,3493
2022-05-05,MARL,14449,181,98.76,5922,95.59,7698,2750,3172
2022-05-11,MARL,27114,2754,90.78,6360,94.11,7694,2871,3489
2022-05-05,MARL,14448,182,98.76,5906,95.6,7698,2750,3156
2022-05-11,MARL,27196,2672,91.05,6363,94.09,7694,2871,3492
2022-05-05,MARL,14449,181,98.76,5915,95.6,7698,2750,3165
2022-05-11,MARL,27197,2671,91.06,6370,94.09,7694,2871,3499
2022-05-05,MARL,14428,202,98.62,5940,95.58,7698,2750,3190
2022-05-11,MARL,27081,2787,90.67,6372,94.1,7694,2871,3501
2022-05-05,MARL,14456,174,98.81,5844,95.63,7698,2750,3094
2022-05-11,MARL,27228,2640,91.16,6291,94.13,7694,2871,3420
2022-05-05,MARL,14441,189,98.71,5735,95.69,7698,2750,2985
2022-05-11,MARL,27154,2714,90.91,6033,94.27,7694,2871,3162
2022-05-05,MARL,14451,179,98.78,5696,95.71,7698,2750,2946
2022-05-11,MARL,27168,2700,90.96,6120,94.23,7694,2871,3249
2022-05-05,MARL,14472,158,98.92,5886,95.61,7698,2750,3136
2022-05-11,MARL,27164,2704,90.95,6318,94.12,7694,2871,3447
2022-05-05,MARL,14458,172,98.82,5893,95.61,7698,2750,3143
2022-05-11,MARL,27160,2708,90.93,6338,94.11,7694,2871,3467
2022-05-05,MARL,14439,191,98.69,5852,95.63,7698,2750,3102
2022-05-11,MARL,27161,2707,90.94,6334,94.11,7694,2871,3463
2022-05-05,MARL,14451,179,98.78,5876,95.61,7698,2750,3126
2022-05-11,MARL,27179,2689,91.0,6335,94.11,7694,2871,3464
2022-05-05,MARL,14471,159,98.91,5831,95.64,7698,2750,3081
2022-05-11,MARL,27210,2658,91.1,6305,94.12,7694,2871,3434
2022-05-05,MARL,14477,153,98.95,5906,95.6,7698,2750,3156
2022-05-11,MARL,27173,2695,90.98,6324,94.12,7694,2871,3453
2022-05-05,MARL,14462,168,98.85,5787,95.66,7698,2750,3037
2022-05-11,MARL,27181,2687,91.0,6200,94.18,7694,2871,3329
2022-05-05,MARL,14469,161,98.9,5907,95.6,7698,2750,3157
2022-05-11,MARL,27273,2595,91.31,6299,94.11,7694,2871,3428
2022-05-05,MARL,14497,458,96.94,3893,60.74,3716,2112,1781
2022-05-11,MARL,29373,6774,81.26,3835,52.56,2656,2219,1616
2022-05-05,MARL,14180,450,96.92,3942,61.47,3892,2154,1788
2022-05-11,MARL,26045,3823,87.2,4115,55.2,3221,2209,1906
2022-05-05,MARL,14089,541,96.3,3380,55.69,3380,2154,1226
2022-05-11,MARL,24897,4973,83.35,3620,49.1,2686,2193,1427
2022-05-05,MARL,14216,416,97.16,3892,63.0,3786,2154,1738
2022-05-11,MARL,25979,3892,86.97,3917,57.46,3272,2193,1724
2022-05-05,MARL,14346,284,98.06,6361,94.55,7704,2742,3619
2022-05-11,MARL,27332,2536,91.51,7045,92.38,7704,2870,4175
2022-05-05,MARL,14612,378,97.48,6712,94.37,7704,2742,3970
2022-05-11,MARL,31472,4761,86.86,7492,91.61,7704,2870,4622
2022-05-05,MARL,14269,361,97.53,6754,94.34,7704,2742,4012
2022-05-11,MARL,26954,2922,90.22,7395,92.23,7704,2870,4525
2022-05-05,MARL,14365,265,98.19,6076,94.71,7704,2742,3334
2022-05-11,MARL,27463,2405,91.95,6873,92.46,7704,2870,4003
2022-05-05,MARL,14262,368,97.48,6334,94.58,7704,2742,3592
2022-05-11,MARL,27199,2669,91.06,6895,92.48,7704,2870,4025
2022-05-05,MARL,14349,281,98.08,6077,94.71,7704,2742,3335
2022-05-11,MARL,27428,2440,91.83,6617,92.6,7704,2870,3747
2022-05-05,MARL,14371,259,98.23,5909,94.8,7704,2742,3167
2022-05-11,MARL,27544,2324,92.22,6531,92.64,7704,2870,3661
2022-05-05,MARL,14227,403,97.25,6334,94.57,7704,2742,3592
2022-05-11,MARL,27262,2606,91.27,6973,92.43,7704,2870,4103
2022-05-05,MARL,14013,617,95.78,6148,94.71,7704,2742,3406
2022-05-11,MARL,27243,2625,91.21,6688,92.6,7704,2870,3818
2022-05-05,MARL,14007,623,95.74,5911,94.85,7704,2742,3169
2022-05-11,MARL,27034,2834,90.51,6318,92.85,7704,2870,3448
2022-05-05,MARL,13957,673,95.4,6001,94.81,7704,2742,3259
2022-05-11,MARL,27076,2792,90.65,6392,92.79,7704,2870,3522
2022-05-05,MARL,13882,748,94.89,6052,94.78,7704,2742,3310
2022-05-11,MARL,26861,3007,89.93,6434,92.8,7704,2870,3564
2022-05-05,MARL,13894,736,94.97,6048,94.79,7704,2742,3306
2022-05-11,MARL,26910,2958,90.1,6435,92.8,7704,2870,3565
2022-05-05,MARL,13894,736,94.97,6053,94.79,7704,2742,3311
2022-05-11,MARL,26867,3001,89.95,6446,92.79,7704,2870,3576
2022-05-05,MARL,13886,744,94.91,6044,94.79,7704,2742,3302
2022-05-11,MARL,26910,2958,90.1,6447,92.79,7704,2870,3577
2022-05-05,MARL,13951,679,95.36,6071,94.76,7704,2742,3329
2022-05-11,MARL,26945,2923,90.21,6432,92.79,7704,2870,3562
2022-05-05,MARL,13921,709,95.15,6060,94.78,7704,2742,3318
2022-05-11,MARL,26886,2982,90.02,6423,92.81,7704,2870,3553
2022-05-05,MARL,13914,716,95.11,6044,94.79,7704,2742,3302
2022-05-11,MARL,26847,3021,89.89,6461,92.78,7704,2870,3591
2022-05-05,MARL,13901,729,95.02,6062,94.78,7704,2742,3320
2022-05-11,MARL,26874,2994,89.98,6449,92.79,7704,2870,3579
2022-05-05,MARL,13907,723,95.06,6082,94.76,7704,2742,3340
2022-05-11,MARL,26944,2924,90.21,6430,92.79,7704,2870,3560
2022-05-05,MARL,13862,768,94.75,6080,94.77,7704,2742,3338
2022-05-11,MARL,26930,2938,90.16,6420,92.8,7704,2870,3550
2022-05-05,MARL,13872,758,94.82,6047,94.79,7704,2742,3305
2022-05-11,MARL,26982,2886,90.34,6416,92.79,7704,2870,3546
2022-05-05,MARL,13886,744,94.91,6058,94.78,7704,2742,3316
2022-05-11,MARL,26924,2944,90.14,6440,92.79,7704,2870,3570
2022-05-05,MARL,13901,729,95.02,6078,94.77,7704,2742,3336
2022-05-11,MARL,27054,2814,90.58,6455,92.76,7704,2870,3585
2022-05-05,MARL,13896,734,94.98,6081,94.78,7704,2742,3339
2022-05-11,MARL,27022,2846,90.47,6466,92.75,7704,2870,3596
2022-05-05,MARL,13946,684,95.32,6101,94.75,7704,2742,3359
2022-05-11,MARL,27090,2778,90.7,6532,92.72,7704,2870,3662
2022-05-05,MARL,13936,694,95.26,6120,94.75,7704,2742,3378
2022-05-11,MARL,27043,2825,90.54,6478,92.75,7704,2870,3608
2022-05-05,MARL,13947,683,95.33,6066,94.77,7704,2742,3324
2022-05-11,MARL,26997,2871,90.39,6407,92.8,7704,2870,3537
2022-05-05,MARL,13881,749,94.88,6068,94.78,7704,2742,3326
2022-05-11,MARL,26897,2971,90.05,6446,92.79,7704,2870,3576
2022-05-05,MARL,13869,761,94.8,6185,94.72,7704,2742,3443
2022-05-11,MARL,27006,2862,90.42,6563,92.71,7704,2870,3693
2022-05-05,MARL,13910,720,95.08,6089,94.76,7704,2742,3347
2022-05-11,MARL,26861,3007,89.93,6464,92.78,7704,2870,3594
2022-05-05,MARL,13977,653,95.54,6275,94.65,7704,2742,3533
2022-05-11,MARL,26879,2989,89.99,6582,92.71,7704,2870,3712
2022-05-05,MARL,13913,717,95.1,6188,94.71,7704,2742,3446
2022-05-11,MARL,26884,2984,90.01,6527,92.74,7704,2870,3657
2022-05-05,MARL,13879,751,94.87,6061,94.79,7704,2742,3319
2022-05-11,MARL,26888,2980,90.02,6439,92.79,7704,2870,3569
2022-05-05,MARL,13889,741,94.94,6072,94.77,7704,2742,3330
2022-05-11,MARL,26940,2928,90.2,6434,92.79,7704,2870,3564
2022-05-05,MARL,13899,731,95.0,6018,94.8,7704,2742,3276
2022-05-11,MARL,26876,2992,89.98,6420,92.8,7704,2870,3550
2022-05-05,MARL,13889,741,94.94,6026,94.8,7704,2742,3284
2022-05-11,MARL,26885,2983,90.01,6434,92.8,7704,2870,3564
2022-05-05,MARL,13920,710,95.15,5997,94.81,7704,2742,3255
2022-05-11,MARL,26888,2980,90.02,6391,92.82,7704,2870,3521
2022-05-05,MARL,13881,749,94.88,6039,94.79,7704,2742,3297
2022-05-11,MARL,26945,2923,90.21,6426,92.8,7704,2870,3556
2022-05-05,MARL,13936,694,95.26,6031,94.79,7704,2742,3289
2022-05-11,MARL,26916,2952,90.12,6420,92.8,7704,2870,3550
2022-05-05,MARL,13933,697,95.24,6019,94.8,7704,2742,3277
2022-05-11,MARL,26870,2998,89.96,6417,92.81,7704,2870,3547
2022-05-05,MARL,13913,717,95.1,6014,94.8,7704,2742,3272
2022-05-11,MARL,26842,3026,89.87,6427,92.81,7704,2870,3557
2022-05-05,MARL,13908,722,95.06,6044,94.79,7704,2742,3302
2022-05-11,MARL,26862,3006,89.94,6440,92.8,7704,2870,3570
2022-05-05,MARL,13907,723,95.06,6002,94.81,7704,2742,3260
2022-05-11,MARL,26851,3017,89.9,6433,92.8,7704,2870,3563
2022-05-05,MARL,13912,718,95.09,6003,94.81,7704,2742,3261
2022-05-11,MARL,26859,3009,89.93,6419,92.81,7704,2870,3549
2022-05-05,MARL,13897,733,94.99,6027,94.8,7704,2742,3285
2022-05-11,MARL,26873,2995,89.97,6432,92.8,7704,2870,3562
2022-05-05,MARL,13905,725,95.04,6022,94.8,7704,2742,3280
2022-05-11,MARL,26892,2976,90.04,6435,92.79,7704,2870,3565
2022-05-05,MARL,13922,708,95.16,6019,94.8,7704,2742,3277
2022-05-11,MARL,26864,3004,89.94,6388,92.82,7704,2870,3518
2022-05-05,MARL,13912,718,95.09,6058,94.78,7704,2742,3316
2022-05-11,MARL,26864,3004,89.94,6429,92.8,7704,2870,3559
2022-05-05,MARL,13913,717,95.1,6008,94.81,7704,2742,3266
2022-05-11,MARL,26900,2968,90.06,6422,92.8,7704,2870,3552
2022-05-05,MARL,13928,702,95.2,6029,94.79,7704,2742,3287
2022-05-11,MARL,26917,2951,90.12,6448,92.78,7704,2870,3578
2022-05-05,MARL,13916,714,95.12,5992,94.81,7704,2742,3250
2022-05-11,MARL,26817,3051,89.79,6443,92.8,7704,2870,3573
2022-05-05,MARL,13879,751,94.87,6064,94.78,7704,2742,3322
2022-05-11,MARL,26842,3026,89.87,6418,92.82,7704,2870,3548
2022-05-05,MARL,14225,405,97.23,8280,93.49,7704,2742,5538
2022-05-11,MARL,27318,2550,91.46,8326,91.67,7704,2870,5456
2022-05-05,MARL,14359,271,98.15,6954,94.22,7704,2742,4212
2022-05-11,MARL,27772,2096,92.98,6696,92.54,7704,2870,3826
2022-05-05,MARL,14358,272,98.14,5948,94.78,7704,2742,3206
2022-05-11,MARL,27825,2043,93.16,5793,93.04,7704,2870,2923
2022-05-05,MARL,14357,273,98.13,5191,95.2,7704,2742,2449
2022-05-11,MARL,28002,1866,93.75,5085,93.4,7704,2870,2215
2022-05-05,MARL,14340,290,98.02,4856,95.39,7704,2742,2114
2022-05-11,MARL,27995,1873,93.73,5067,93.41,7704,2870,2197
2022-05-05,MARL,14366,264,98.2,4936,95.34,7704,2742,2194
2022-05-11,MARL,27870,1998,93.31,5014,93.46,7704,2870,2144
2022-05-05,MARL,14312,318,97.83,4934,95.36,7704,2742,2192
2022-05-11,MARL,28073,1795,93.99,4966,93.46,7704,2870,2096
2022-05-05,MARL,14332,298,97.96,4912,95.36,7704,2742,2170
2022-05-11,MARL,27970,1898,93.65,5013,93.44,7704,2870,2143
2022-05-05,MARL,14357,273,98.13,4891,95.37,7704,2742,2149
2022-05-11,MARL,27964,1904,93.63,5035,93.44,7704,2870,2165
2022-05-05,MARL,14361,269,98.16,4907,95.36,7704,2742,2165
2022-05-11,MARL,27998,1870,93.74,4981,93.46,7704,2870,2111
2022-05-05,MARL,14369,261,98.22,4993,95.31,7704,2742,2251
2022-05-11,MARL,28036,1832,93.87,5001,93.45,7704,2870,2131
2022-05-05,MARL,14354,276,98.11,5011,95.3,7704,2742,2269
2022-05-11,MARL,28019,1849,93.81,5029,93.44,7704,2870,2159
2022-05-05,MARL,14334,296,97.98,4975,95.33,7704,2742,2233
2022-05-11,MARL,27961,1907,93.62,5012,93.46,7704,2870,2142
2022-05-05,MARL,14346,284,98.06,4943,95.34,7704,2742,2201
2022-05-11,MARL,27983,1885,93.69,5048,93.43,7704,2870,2178
2022-05-05,MARL,14350,280,98.09,4963,95.33,7704,2742,2221
2022-05-11,MARL,27955,1913,93.6,4999,93.46,7704,2870,2129
2022-05-05,MARL,14349,281,98.08,4892,95.37,7704,2742,2150
2022-05-11,MARL,27993,1875,93.72,4990,93.46,7704,2870,2120
2022-05-05,MARL,14311,319,97.82,4935,95.35,7704,2742,2193
2022-05-11,MARL,27879,1989,93.34,5032,93.45,7704,2870,2162
2022-05-05,MARL,14315,315,97.85,4885,95.38,7704,2742,2143
2022-05-11,MARL,27970,1898,93.65,5053,93.42,7704,2870,2183
2022-05-05,MARL,14240,390,97.33,5341,95.14,7704,2742,2599
2022-05-11,MARL,27693,2175,92.72,5817,93.03,7704,2870,2947
2022-05-05,MARL,14464,166,98.87,4947,95.32,7704,2742,2205
2022-05-11,MARL,27982,1886,93.69,5010,93.45,7704,2870,2140
2022-05-05,MARL,14238,392,97.32,5524,95.04,7704,2742,2782
2022-05-11,MARL,27626,2242,92.49,5843,93.03,7704,2870,2973
2022-05-05,MARL,14213,417,97.15,5490,95.06,7704,2742,2748
2022-05-11,MARL,27649,2219,92.57,5655,93.13,7704,2870,2785
2022-05-05,MARL,14368,262,98.21,4890,95.37,7704,2742,2148
2022-05-11,MARL,28041,1827,93.88,5042,93.42,7704,2870,2172
2022-05-05,MARL,14323,307,97.9,5086,95.27,7704,2742,2344
2022-05-11,MARL,27788,2080,93.04,5593,93.15,7704,2870,2723
2022-05-05,MARL,14343,287,98.04,4881,95.38,7704,2742,2139
2022-05-11,MARL,28027,1841,93.84,5035,93.43,7704,2870,2165
2022-05-05,MARL,14118,512,96.5,5655,94.98,7704,2742,2913
2022-05-11,MARL,27433,2435,91.85,5855,93.05,7704,2870,2985
2022-05-05,MARL,14212,418,97.14,5687,94.94,7704,2742,2945
2022-05-11,MARL,27493,2375,92.05,5863,93.03,7704,2870,2993
2022-05-05,MARL,14259,371,97.46,5506,95.04,7704,2742,2764
2022-05-11,MARL,27572,2296,92.31,5892,93.0,7704,2870,3022
2022-05-05,MARL,14317,313,97.86,5397,95.1,7704,2742,2655
2022-05-11,MARL,27680,2188,92.67,5817,93.03,7704,2870,2947
2022-05-05,MARL,14121,509,96.52,5673,94.97,7704,2742,2931
2022-05-11,MARL,27581,2287,92.34,5890,93.01,7704,2870,3020
2022-05-05,MARL,14306,324,97.79,5417,95.09,7704,2742,2675
2022-05-11,MARL,27593,2275,92.38,5895,93.0,7704,2870,3025
2022-05-05,MARL,14220,410,97.2,5685,94.94,7704,2742,2943
2022-05-11,MARL,27414,2454,91.78,5900,93.03,7704,2870,3030
2022-05-05,MARL,14358,272,98.14,4883,95.37,7704,2742,2141
2022-05-11,MARL,28007,1861,93.77,5081,93.41,7704,2870,2211
2022-05-05,MARL,14218,412,97.18,5678,94.95,7704,2742,2936
2022-05-11,MARL,27451,2417,91.91,5931,93.01,7704,2870,3061
2022-05-05,MARL,14159,471,96.78,5649,94.97,7704,2742,2907
2022-05-11,MARL,27424,2444,91.82,5864,93.04,7704,2870,2994
2022-05-05,MARL,14189,441,96.99,5580,95.01,7704,2742,2838
2022-05-11,MARL,27438,2430,91.86,5869,93.03,7704,2870,2999
2022-05-05,MARL,14174,456,96.88,5630,94.99,7704,2742,2888
2022-05-11,MARL,27557,2311,92.26,5848,93.03,7704,2870,2978
2022-05-05,MARL,14254,376,97.43,5800,94.88,7704,2742,3058
2022-05-11,MARL,27335,2533,91.52,6095,92.93,7704,2870,3225
2022-05-05,MARL,14349,281,98.08,5454,95.05,7704,2742,2712
2022-05-11,MARL,27492,2376,92.04,5940,92.99,7704,2870,3070
2022-05-05,MARL,14325,305,97.92,5278,95.16,7704,2742,2536
2022-05-11,MARL,27493,2375,92.05,5904,93.02,7704,2870,3034
2022-05-05,MARL,14191,439,97.0,5417,95.1,7704,2742,2675
2022-05-11,MARL,27580,2288,92.34,5832,93.04,7704,2870,2962
2022-05-05,MARL,14155,475,96.75,5758,94.92,7704,2742,3016
2022-05-11,MARL,27078,2790,90.66,6227,92.88,7704,2870,3357
2022-05-05,MARL,14371,259,98.23,5365,95.1,7704,2742,2623
2022-05-11,MARL,27587,2281,92.36,5870,93.01,7704,2870,3000
2022-05-05,MARL,14195,435,97.03,5586,95.01,7704,2742,2844
2022-05-11,MARL,27624,2244,92.49,5886,93.0,7704,2870,3016
2022-05-05,MARL,14341,289,98.02,4961,95.34,7704,2742,2219
2022-05-11,MARL,27925,1943,93.49,5604,93.12,7704,2870,2734
2022-05-05,MARL,14347,283,98.07,4933,95.35,7704,2742,2191
2022-05-11,MARL,27821,2047,93.15,5489,93.21,7704,2870,2619
2022-05-05,MARL,14362,268,98.17,5242,95.17,7704,2742,2500
2022-05-11,MARL,27634,2234,92.52,5848,93.03,7704,2870,2978
2022-05-05,MARL,14295,335,97.71,5269,95.17,7704,2742,2527
2022-05-11,MARL,27587,2281,92.36,5845,93.03,7704,2870,2975
2022-05-05,MARL,14112,518,96.46,5669,94.97,7704,2742,2927
2022-05-11,MARL,27502,2366,92.08,5837,93.04,7704,2870,2967
2022-05-05,MARL,14122,508,96.53,5620,95.0,7704,2742,2878
2022-05-11,MARL,27590,2278,92.37,5934,92.98,7704,2870,3064
2022-05-05,MARL,14259,452,96.93,8430,93.4,7704,2742,5688
2022-05-11,MARL,29773,3673,89.02,8405,91.25,7704,2870,5535
2022-05-05,MARL,14265,365,97.51,8320,93.46,7704,2742,5578
2022-05-11,MARL,27554,2314,92.25,8220,91.71,7704,2870,5350
2022-05-05,MARL,14310,320,97.81,6954,94.22,7704,2742,4212
2022-05-11,MARL,27776,2092,93.0,6980,92.37,7704,2870,4110
2022-05-05,MARL,14550,80,99.45,5059,95.25,7704,2742,2317
2022-05-11,MARL,28403,1465,95.1,4932,93.45,7704,2870,2062
2022-05-05,MARL,14558,72,99.51,4052,95.82,7704,2742,1310
2022-05-11,MARL,28419,1449,95.15,3840,94.05,7704,2870,970
2022-05-05,MARL,14560,70,99.52,3490,96.13,7704,2742,748
2022-05-11,MARL,28389,1479,95.05,3609,94.19,7704,2870,739
2022-05-05,MARL,14570,60,99.59,3603,96.07,7704,2742,861
2022-05-11,MARL,28361,1507,94.95,3597,94.21,7704,2870,727
2022-05-05,MARL,14573,57,99.61,3495,96.13,7704,2742,753
2022-05-11,MARL,28293,1575,94.73,3589,94.21,7704,2870,719
2022-05-05,MARL,14557,73,99.5,3610,96.06,7704,2742,868
2022-05-11,MARL,28370,1498,94.98,3668,94.16,7704,2870,798
2022-05-05,MARL,14537,93,99.36,3654,96.04,7704,2742,912
2022-05-11,MARL,28318,1550,94.81,3595,94.21,7704,2870,725
2022-05-05,MARL,14566,64,99.56,3515,96.12,7704,2742,773
2022-05-11,MARL,28388,1480,95.04,3609,94.19,7704,2870,739
2022-05-05,MARL,14517,113,99.23,3690,96.02,7704,2742,948
2022-05-11,MARL,28373,1495,94.99,3632,94.18,7704,2870,762
2022-05-05,MARL,14553,77,99.47,3688,96.02,7704,2742,946
2022-05-11,MARL,28314,1554,94.8,3476,94.28,7704,2870,606
2022-05-05,MARL,14548,82,99.44,3640,96.05,7704,2742,898
2022-05-11,MARL,28381,1487,95.02,3655,94.16,7704,2870,785
2022-05-05,MARL,14557,73,99.5,3479,96.14,7704,2742,737
2022-05-11,MARL,28312,1556,94.79,3656,94.17,7704,2870,786
2022-05-05,MARL,14521,109,99.25,3540,96.11,7704,2742,798
2022-05-11,MARL,28318,1550,94.81,3588,94.21,7704,2870,718
2022-05-05,MARL,14569,61,99.58,3651,96.04,7704,2742,909
2022-05-11,MARL,28349,1519,94.91,3532,94.23,7704,2870,662
2022-05-05,MARL,14481,149,98.98,4180,95.75,7704,2742,1438
2022-05-11,MARL,28139,1729,94.21,4291,93.84,7704,2870,1421
2022-05-05,MARL,14414,216,98.52,4779,95.43,7704,2742,2037
2022-05-11,MARL,28101,1767,94.08,4922,93.49,7704,2870,2052
2022-05-05,MARL,14468,162,98.89,4749,95.44,7704,2742,2007
2022-05-11,MARL,28106,1762,94.1,4998,93.44,7704,2870,2128
2022-05-05,MARL,14439,191,98.69,4811,95.4,7704,2742,2069
2022-05-11,MARL,28045,1823,93.9,5016,93.44,7704,2870,2146
2022-05-05,MARL,14405,225,98.46,4840,95.39,7704,2742,2098
2022-05-11,MARL,28032,1836,93.85,4943,93.48,7704,2870,2073
2022-05-05,MARL,14345,285,98.05,5061,95.28,7704,2742,2319
2022-05-11,MARL,27682,2186,92.68,5654,93.12,7704,2870,2784
2022-05-05,MARL,14339,291,98.01,4989,95.32,7704,2742,2247
2022-05-11,MARL,28036,1832,93.87,4975,93.46,7704,2870,2105
2022-05-05,MARL,14186,444,96.97,5667,94.96,7704,2742,2925
2022-05-11,MARL,27484,2384,92.02,5865,93.04,7704,2870,2995
2022-05-05,MARL,14452,178,98.78,4540,95.55,7704,2742,1798
2022-05-11,MARL,28184,1684,94.36,4520,93.71,7704,2870,1650
2022-05-05,MARL,14309,321,97.81,4958,95.34,7704,2742,2216
2022-05-11,MARL,27942,1926,93.55,5054,93.43,7704,2870,2184
2022-05-05,MARL,14225,405,97.23,5594,95.0,7704,2742,2852
2022-05-11,MARL,27767,2101,92.97,5763,93.05,7704,2870,2893
2022-05-05,MARL,14251,379,97.41,5665,94.95,7704,2742,2923
2022-05-11,MARL,27605,2263,92.42,5858,93.02,7704,2870,2988
2022-05-05,MARL,14120,510,96.51,5639,94.99,7704,2742,2897
2022-05-11,MARL,27593,2275,92.38,5908,92.99,7704,2870,3038
2022-05-05,MARL,14234,396,97.29,5371,95.12,7704,2742,2629
2022-05-11,MARL,27798,2070,93.07,5629,93.13,7704,2870,2759
2022-05-05,MARL,14155,475,96.75,5708,94.94,7704,2742,2966
2022-05-11,MARL,27503,2365,92.08,5877,93.02,7704,2870,3007
2022-05-05,MARL,14037,593,95.95,5964,94.81,7704,2742,3222
2022-05-11,MARL,27326,2542,91.49,6156,92.89,7704,2870,3286
2022-05-05,MARL,14340,290,98.02,5189,95.21,7704,2742,2447
2022-05-11,MARL,28161,1707,94.28,5208,93.31,7704,2870,2338
2022-05-05,MARL,14417,213,98.54,4865,95.38,7704,2742,2123
2022-05-11,MARL,28052,1816,93.92,4995,93.45,7704,2870,2125
2022-05-05,MARL,14217,413,97.18,5831,94.86,7704,2742,3089
2022-05-11,MARL,27382,2486,91.68,6172,92.88,7704,2870,3302
2022-05-05,MARL,14079,551,96.23,6098,94.73,7704,2742,3356
2022-05-11,MARL,27148,2720,90.89,6420,92.76,7704,2870,3550
2022-05-05,MARL,14029,601,95.89,5860,94.88,7704,2742,3118
2022-05-11,MARL,27210,2658,91.1,6150,92.92,7704,2870,3280
2022-05-05,MARL,14172,458,96.87,5639,94.98,7704,2742,2897
2022-05-11,MARL,27551,2317,92.24,5849,93.03,7704,2870,2979
2022-05-05,MARL,14162,468,96.8,5666,94.97,7704,2742,2924
2022-05-11,MARL,27451,2417,91.91,5829,93.05,7704,2870,2959
2022-05-05,MARL,14133,497,96.6,5649,94.98,7704,2742,2907
2022-05-11,MARL,27558,2310,92.27,5882,93.01,7704,2870,3012
2022-05-05,MARL,14389,241,98.35,5192,95.2,7704,2742,2450
2022-05-11,MARL,27721,2147,92.81,5756,93.06,7704,2870,2886
2022-05-05,MARL,14152,478,96.73,5872,94.85,7704,2742,3130
2022-05-11,MARL,27370,2498,91.64,6062,92.94,7704,2870,3192
2022-05-05,MARL,14217,413,97.18,5755,94.9,7704,2742,3013
2022-05-11,MARL,27584,2284,92.35,5982,92.96,7704,2870,3112
2022-05-05,MARL,14294,336,97.7,5708,94.92,7704,2742,2966
2022-05-11,MARL,27639,2229,92.54,5887,93.0,7704,2870,3017
2022-05-05,MARL,14184,446,96.95,5671,94.96,7704,2742,2929
2022-05-11,MARL,27467,2401,91.96,5922,93.01,7704,2870,3052
2022-05-05,MARL,14163,467,96.81,5686,94.95,7704,2742,2944
2022-05-11,MARL,27636,2232,92.53,5878,93.01,7704,2870,3008
2022-05-05,MARL,14233,397,97.29,5606,94.99,7704,2742,2864
2022-05-11,MARL,27628,2240,92.5,5859,93.02,7704,2870,2989
2022-05-05,MARL,14291,339,97.68,5640,94.96,7704,2742,2898
2022-05-11,MARL,27699,2169,92.74,6030,92.92,7704,2870,3160
2022-05-05,MARL,14392,238,98.37,5210,95.19,7704,2742,2468
2022-05-11,MARL,28029,1839,93.84,5322,93.27,7704,2870,2452
2022-05-05,MARL,14273,357,97.56,5690,94.93,7704,2742,2948
2022-05-11,MARL,27642,2226,92.55,5897,93.0,7704,2870,3027
2022-05-05,MARL,14201,429,97.07,8246,93.51,7704,2742,5504
2022-05-11,MARL,27197,2671,91.06,8528,91.57,7704,2870,5658
2022-05-05,MARL,14280,350,97.61,6808,94.31,7704,2742,4066
2022-05-11,MARL,27802,2066,93.08,6799,92.47,7704,2870,3929
2022-05-05,MARL,14560,70,99.52,4760,95.42,7704,2742,2018
2022-05-11,MARL,28437,1431,95.21,4758,93.55,7704,2870,1888
2022-05-05,MARL,14553,77,99.47,4047,95.82,7704,2742,1305
2022-05-11,MARL,28411,1457,95.12,3995,93.97,7704,2870,1125
2022-05-05,MARL,14564,66,99.55,3712,96.01,7704,2742,970
2022-05-11,MARL,28375,1493,95.0,3642,94.17,7704,2870,772
2022-05-05,MARL,14564,66,99.55,3639,96.05,7704,2742,897
2022-05-11,MARL,28339,1529,94.88,3563,94.22,7704,2870,693
2022-05-05,MARL,14565,65,99.56,3511,96.12,7704,2742,769
2022-05-11,MARL,28338,1530,94.88,3589,94.21,7704,2870,719
2022-05-05,MARL,14562,68,99.54,3665,96.03,7704,2742,923
2022-05-11,MARL,28314,1554,94.8,3649,94.18,7704,2870,779
2022-05-05,MARL,14541,89,99.39,3614,96.06,7704,2742,872
2022-05-11,MARL,28269,1599,94.65,3669,94.17,7704,2870,799
2022-05-05,MARL,14528,102,99.3,3719,96.01,7704,2742,977
2022-05-11,MARL,28321,1547,94.82,3650,94.18,7704,2870,780
2022-05-05,MARL,14556,74,99.49,3640,96.05,7704,2742,898
2022-05-11,MARL,28368,1500,94.98,3641,94.18,7704,2870,771
2022-05-05,MARL,14546,84,99.43,3614,96.06,7704,2742,872
2022-05-11,MARL,28326,1542,94.84,3652,94.17,7704,2870,782
2022-05-05,MARL,14540,90,99.38,3689,96.02,7704,2742,947
2022-05-11,MARL,28280,1588,94.68,3610,94.2,7704,2870,740
2022-05-05,MARL,14521,109,99.25,3597,96.07,7704,2742,855
2022-05-11,MARL,28321,1547,94.82,3652,94.18,7704,2870,782
2022-05-05,MARL,14559,71,99.51,3606,96.07,7704,2742,864
2022-05-11,MARL,28329,1539,94.85,3587,94.21,7704,2870,717
2022-05-05,MARL,14563,67,99.54,3561,96.09,7704,2742,819
2022-05-11,MARL,28328,1540,94.84,3561,94.22,7704,2870,691
2022-05-05,MARL,14462,168,98.85,4803,95.41,7704,2742,2061
2022-05-11,MARL,28112,1756,94.12,5023,93.43,7704,2870,2153
2022-05-05,MARL,14414,216,98.52,4717,95.46,7704,2742,1975
2022-05-11,MARL,28100,1768,94.08,4958,93.46,7704,2870,2088
2022-05-05,MARL,14244,386,97.36,5438,95.08,7704,2742,2696
2022-05-11,MARL,27920,1948,93.48,5458,93.21,7704,2870,2588
2022-05-05,MARL,14347,283,98.07,4901,95.37,7704,2742,2159
2022-05-11,MARL,28036,1832,93.87,4996,93.45,7704,2870,2126
2022-05-05,MARL,14402,228,98.44,4933,95.34,7704,2742,2191
2022-05-11,MARL,28121,1747,94.15,5031,93.42,7704,2870,2161
2022-05-05,MARL,14193,437,97.01,5634,94.98,7704,2742,2892
2022-05-11,MARL,27458,2410,91.93,5873,93.04,7704,2870,3003
2022-05-05,MARL,14317,313,97.86,5335,95.13,7704,2742,2593
2022-05-11,MARL,27820,2048,93.14,5567,93.16,7704,2870,2697
2022-05-05,MARL,14403,227,98.45,4896,95.36,7704,2742,2154
2022-05-11,MARL,27939,1929,93.54,4983,93.47,7704,2870,2113
2022-05-05,MARL,14393,237,98.38,4769,95.43,7704,2742,2027
2022-05-11,MARL,28086,1782,94.03,4887,93.51,7704,2870,2017
2022-05-05,MARL,14464,166,98.87,4803,95.41,7704,2742,2061
2022-05-11,MARL,28171,1697,94.32,4984,93.44,7704,2870,2114
2022-05-05,MARL,14236,394,97.31,5479,95.06,7704,2742,2737
2022-05-11,MARL,27784,2084,93.02,5719,93.08,7704,2870,2849
2022-05-05,MARL,14312,318,97.83,5333,95.13,7704,2742,2591
2022-05-11,MARL,28037,1831,93.87,5293,93.28,7704,2870,2423
2022-05-05,MARL,14224,406,97.22,5560,95.02,7704,2742,2818
2022-05-11,MARL,27697,2171,92.73,5718,93.09,7704,2870,2848
2022-05-05,MARL,14171,459,96.86,5643,94.98,7704,2742,2901
2022-05-11,MARL,27887,1981,93.37,5603,93.14,7704,2870,2733
2022-05-05,MARL,14389,241,98.35,4881,95.37,7704,2742,2139
2022-05-11,MARL,27956,1912,93.6,4985,93.47,7704,2870,2115
2022-05-05,MARL,14378,252,98.28,4913,95.36,7704,2742,2171
2022-05-11,MARL,28015,1853,93.8,4979,93.46,7704,2870,2109
2022-05-05,MARL,14492,138,99.06,4798,95.41,7704,2742,2056
2022-05-11,MARL,28087,1781,94.04,4999,93.45,7704,2870,2129
2022-05-05,MARL,14365,265,98.19,5106,95.25,7704,2742,2364
2022-05-11,MARL,28052,1816,93.92,5053,93.42,7704,2870,2183
2022-05-05,MARL,14329,301,97.94,5303,95.15,7704,2742,2561
2022-05-11,MARL,27871,1997,93.31,5271,93.32,7704,2870,2401
2022-05-05,MARL,14173,457,96.88,5639,94.98,7704,2742,2897
2022-05-11,MARL,27714,2154,92.79,5755,93.08,7704,2870,2885
2022-05-05,MARL,14192,438,97.01,5620,94.98,7704,2742,2878
2022-05-11,MARL,27518,2350,92.13,5894,93.01,7704,2870,3024
2022-05-05,MARL,14440,190,98.7,4780,95.42,7704,2742,2038
2022-05-11,MARL,28173,1695,94.33,4988,93.44,7704,2870,2118
2022-05-05,MARL,14404,226,98.46,4780,95.43,7704,2742,2038
2022-05-11,MARL,27997,1871,93.74,4994,93.46,7704,2870,2124
2022-05-05,MARL,14278,352,97.59,5586,95.0,7704,2742,2844
2022-05-11,MARL,27605,2263,92.42,5753,93.08,7704,2870,2883
2022-05-05,MARL,14378,252,98.28,4832,95.4,7704,2742,2090
2022-05-11,MARL,28191,1677,94.39,4955,93.45,7704,2870,2085
2022-05-05,MARL,14417,213,98.54,4829,95.4,7704,2742,2087
2022-05-11,MARL,28090,1778,94.05,4933,93.48,7704,2870,2063
2022-05-05,MARL,14235,395,97.3,5694,94.94,7704,2742,2952
2022-05-11,MARL,27721,2147,92.81,5600,93.15,7704,2870,2730
2022-05-05,MARL,14205,425,97.1,5629,94.99,7704,2742,2887
2022-05-11,MARL,27701,2167,92.74,5789,93.05,7704,2870,2919
2022-05-05,MARL,14229,401,97.26,5559,95.02,7704,2742,2817
2022-05-11,MARL,27623,2245,92.48,5888,93.01,7704,2870,3018
2022-05-05,MARL,14238,392,97.32,5830,94.86,7704,2742,3088
2022-05-11,MARL,27553,2315,92.25,5591,93.18,7704,2870,2721
2022-05-05,MARL,14188,442,96.98,5588,95.01,7704,2742,2846
2022-05-11,MARL,27600,2268,92.41,5831,93.04,7704,2870,2961
2022-05-05,MARL,14338,292,98.0,5590,94.98,7704,2742,2848
2022-05-11,MARL,27817,2051,93.13,5814,93.02,7704,2870,2944
2022-05-05,MARL,14273,357,97.56,5604,94.99,7704,2742,2862
2022-05-11,MARL,27805,2063,93.09,5867,92.99,7704,2870,2997
2022-05-05,MARL,14346,284,98.06,5289,95.15,7704,2742,2547
2022-05-11,MARL,28109,1759,94.11,4985,93.45,7704,2870,2115
2022-05-05,MARL,14216,414,97.17,8409,93.41,7704,2742,5667
2022-05-11,MARL,27433,2435,91.85,8467,91.58,7704,2870,5597
2022-05-05,MARL,14282,348,97.62,6952,94.23,7704,2742,4210
2022-05-11,MARL,27614,2254,92.45,6817,92.49,7704,2870,3947
2022-05-05,MARL,14336,294,97.99,5689,94.93,7704,2742,2947
2022-05-11,MARL,27973,1895,93.66,5729,93.05,7704,2870,2859
2022-05-05,MARL,14356,274,98.13,5188,95.2,7704,2742,2446
2022-05-11,MARL,28125,1743,94.16,5140,93.36,7704,2870,2270
2022-05-05,MARL,14304,326,97.77,4934,95.36,7704,2742,2192
2022-05-11,MARL,27951,1917,93.58,5032,93.44,7704,2870,2162
2022-05-05,MARL,14369,261,98.22,4935,95.34,7704,2742,2193
2022-05-11,MARL,28034,1834,93.86,5006,93.45,7704,2870,2136
2022-05-05,MARL,14351,279,98.09,4922,95.35,7704,2742,2180
2022-05-11,MARL,28085,1783,94.03,4997,93.44,7704,2870,2127
2022-05-05,MARL,14345,285,98.05,4913,95.36,7704,2742,2171
2022-05-11,MARL,28006,1862,93.77,4965,93.47,7704,2870,2095
2022-05-05,MARL,14341,289,98.02,4955,95.33,7704,2742,2213
2022-05-11,MARL,27949,1919,93.58,5028,93.45,7704,2870,2158
2022-05-05,MARL,14311,319,97.82,4949,95.34,7704,2742,2207
2022-05-11,MARL,27941,1927,93.55,5011,93.45,7704,2870,2141
2022-05-05,MARL,14309,321,97.81,4948,95.34,7704,2742,2206
2022-05-11,MARL,27975,1893,93.66,5001,93.45,7704,2870,2131
2022-05-05,MARL,14326,304,97.92,4932,95.35,7704,2742,2190
2022-05-11,MARL,27947,1921,93.57,5030,93.45,7704,2870,2160
2022-05-05,MARL,14294,336,97.7,5010,95.31,7704,2742,2268
2022-05-11,MARL,28037,1831,93.87,5108,93.39,7704,2870,2238
2022-05-05,MARL,14366,264,98.2,4971,95.32,7704,2742,2229
2022-05-11,MARL,27988,1880,93.71,4997,93.46,7704,2870,2127
2022-05-05,MARL,14285,345,97.64,4978,95.33,7704,2742,2236
2022-05-11,MARL,28055,1813,93.93,5083,93.4,7704,2870,2213
2022-05-05,MARL,14299,331,97.74,4964,95.34,7704,2742,2222
2022-05-11,MARL,27960,1908,93.61,5133,93.39,7704,2870,2263
2022-05-05,MARL,14221,409,97.2,5530,95.03,7704,2742,2788
2022-05-11,MARL,27505,2363,92.09,5839,93.05,7704,2870,2969
2022-05-05,MARL,14355,275,98.12,4905,95.36,7704,2742,2163
2022-05-11,MARL,28021,1847,93.82,5015,93.44,7704,2870,2145
2022-05-05,MARL,14244,386,97.36,5669,94.95,7704,2742,2927
2022-05-11,MARL,27561,2307,92.28,5966,92.97,7704,2870,3096
2022-05-05,MARL,14151,479,96.73,5719,94.94,7704,2742,2977
2022-05-11,MARL,27467,2401,91.96,5877,93.03,7704,2870,3007
2022-05-05,MARL,14153,477,96.74,5613,95.0,7704,2742,2871
2022-05-11,MARL,27531,2337,92.18,5969,92.97,7704,2870,3099
2022-05-05,MARL,14209,421,97.12,5650,94.97,7704,2742,2908
2022-05-11,MARL,27561,2307,92.28,5910,93.0,7704,2870,3040
2022-05-05,MARL,14206,424,97.1,5659,94.96,7704,2742,2917
2022-05-11,MARL,27493,2375,92.05,5838,93.05,7704,2870,2968
2022-05-05,MARL,14211,419,97.14,5665,94.97,7704,2742,2923
2022-05-11,MARL,27365,2503,91.62,5871,93.05,7704,2870,3001
2022-05-05,MARL,14396,234,98.4,4870,95.38,7704,2742,2128
2022-05-11,MARL,28074,1794,93.99,5093,93.4,7704,2870,2223
2022-05-05,MARL,14118,512,96.5,5634,94.99,7704,2742,2892
2022-05-11,MARL,27499,2369,92.07,5914,93.01,7704,2870,3044
2022-05-05,MARL,14173,457,96.88,5694,94.95,7704,2742,2952
2022-05-11,MARL,27594,2274,92.39,5861,93.02,7704,2870,2991
2022-05-05,MARL,14175,455,96.89,5665,94.97,7704,2742,2923
2022-05-11,MARL,27546,2322,92.23,5891,93.01,7704,2870,3021
2022-05-05,MARL,14173,457,96.88,5662,94.96,7704,2742,2920
2022-05-11,MARL,27534,2334,92.19,5924,92.99,7704,2870,3054
2022-05-05,MARL,14240,390,97.33,5666,94.95,7704,2742,2924
2022-05-11,MARL,27416,2452,91.79,6055,92.94,7704,2870,3185
2022-05-05,MARL,14148,482,96.71,5679,94.96,7704,2742,2937
2022-05-11,MARL,27394,2474,91.72,6030,92.95,7704,2870,3160
2022-05-05,MARL,14212,418,97.14,5711,94.94,7704,2742,2969
2022-05-11,MARL,27509,2359,92.1,5943,92.99,7704,2870,3073
2022-05-05,MARL,14172,458,96.87,5839,94.87,7704,2742,3097
2022-05-11,MARL,27128,2740,90.83,6448,92.76,7704,2870,3578
2022-05-05,MARL,14103,527,96.4,6218,94.67,7704,2742,3476
2022-05-11,MARL,27144,2724,90.88,6518,92.72,7704,2870,3648
2022-05-05,MARL,14262,368,97.48,5869,94.84,7704,2742,3127
2022-05-11,MARL,27384,2484,91.68,6370,92.76,7704,2870,3500
2022-05-05,MARL,14150,480,96.72,6068,94.75,7704,2742,3326
2022-05-11,MARL,26935,2933,90.18,6475,92.77,7704,2870,3605
2022-05-05,MARL,14097,533,96.36,6131,94.72,7704,2742,3389
2022-05-11,MARL,27271,2597,91.31,6214,92.88,7704,2870,3344
2022-05-05,MARL,14216,414,97.17,5761,94.91,7704,2742,3019
2022-05-11,MARL,27380,2488,91.67,6037,92.96,7704,2870,3167
2022-05-05,MARL,14119,511,96.51,6118,94.72,7704,2742,3376
2022-05-11,MARL,27007,2861,90.42,6468,92.77,7704,2870,3598
2022-05-05,MARL,14242,388,97.35,5893,94.83,7704,2742,3151
2022-05-11,MARL,27502,2366,92.08,6053,92.93,7704,2870,3183
2022-05-05,MARL,14224,406,97.22,5664,94.96,7704,2742,2922
2022-05-11,MARL,27619,2249,92.47,5886,93.01,7704,2870,3016
2022-05-05,MARL,14379,251,98.28,4875,95.38,7704,2742,2133
2022-05-11,MARL,28033,1835,93.86,5016,93.44,7704,2870,2146
2022-05-05,MARL,14221,409,97.2,5674,94.95,7704,2742,2932
2022-05-11,MARL,27542,2326,92.21,5892,93.02,7704,2870,3022
2022-05-05,MARL,14358,272,98.14,5552,95.0,7704,2742,2810
2022-05-11,MARL,27884,1984,93.36,5739,93.05,7704,2870,2869
2022-05-05,MARL,14258,372,97.46,5638,94.96,7704,2742,2896
2022-05-11,MARL,27532,2336,92.18,5841,93.05,7704,2870,2971
2022-05-05,MARL,14219,411,97.19,5535,95.03,7704,2742,2793
2022-05-11,MARL,27571,2297,92.31,5897,93.01,7704,2870,3027
2022-05-05,MARL,14240,390,97.33,5614,94.99,7704,2742,2872
2022-05-11,MARL,27503,2365,92.08,5844,93.05,7704,2870,2974
2022-05-05,MARL,14230,400,97.27,5583,95.0,7704,2742,2841
2022-05-11,MARL,27464,2404,91.95,5823,93.05,7704,2870,2953
2022-05-05,MARL,14159,471,96.78,5733,94.93,7704,2742,2991
2022-05-11,MARL,27345,2523,91.55,6079,92.94,7704,2870,3209
2022-05-05,MARL,14216,414,97.17,5688,94.94,7704,2742,2946
2022-05-11,MARL,27418,2450,91.8,5884,93.03,7704,2870,3014
2022-05-05,MARL,14174,456,96.88,8620,93.29,7704,2742,5878
2022-05-11,MARL,27368,2500,91.63,8578,91.51,7704,2870,5708
2022-05-05,MARL,14198,432,97.05,8413,93.42,7704,2742,5671
2022-05-11,MARL,27593,2275,92.38,8401,91.59,7704,2870,5531
2022-05-05,MARL,14242,388,97.35,8141,93.56,7704,2742,5399
2022-05-11,MARL,27473,2395,91.98,8245,91.69,7704,2870,5375
2022-05-05,MARL,14248,382,97.39,8161,93.55,7704,2742,5419
2022-05-11,MARL,27601,2267,92.41,7786,91.94,7704,2870,4916
2022-05-05,MARL,14310,320,97.81,7724,93.79,7704,2742,4982
2022-05-11,MARL,27701,2167,92.74,7822,91.91,7704,2870,4952
2022-05-05,MARL,14307,323,97.79,7728,93.79,7704,2742,4986
2022-05-11,MARL,27615,2253,92.46,7648,92.03,7704,2870,4778
2022-05-05,MARL,14392,238,98.37,7295,94.02,7704,2742,4553
2022-05-11,MARL,27650,2218,92.57,7389,92.16,7704,2870,4519
2022-05-05,MARL,14357,273,98.13,7233,94.06,7704,2742,4491
2022-05-11,MARL,27957,1911,93.6,7007,92.34,7704,2870,4137
2022-05-05,MARL,14392,238,98.37,7209,94.07,7704,2742,4467
2022-05-11,MARL,27764,2104,92.96,6818,92.48,7704,2870,3948
2022-05-05,MARL,14308,322,97.8,7230,94.07,7704,2742,4488
2022-05-11,MARL,27746,2122,92.9,7321,92.19,7704,2870,4451
2022-05-05,MARL,14317,313,97.86,7080,94.15,7704,2742,4338
2022-05-11,MARL,27722,2146,92.82,6741,92.52,7704,2870,3871
2022-05-05,MARL,14348,282,98.07,6823,94.29,7704,2742,4081
2022-05-11,MARL,27681,2187,92.68,6602,92.6,7704,2870,3732
2022-05-05,MARL,14336,294,97.99,6774,94.32,7704,2742,4032
2022-05-11,MARL,27702,2166,92.75,6828,92.46,7704,2870,3958
2022-05-05,MARL,14366,264,98.2,7111,94.13,7704,2742,4369
2022-05-11,MARL,27737,2131,92.87,6719,92.51,7704,2870,3849
2022-05-05,MARL,14353,277,98.11,6712,94.35,7704,2742,3970
2022-05-11,MARL,27844,2024,93.22,6358,92.71,7704,2870,3488
2022-05-05,MARL,14230,400,97.27,6700,94.38,7704,2742,3958
2022-05-11,MARL,27463,2405,91.95,6679,92.58,7704,2870,3809
2022-05-05,MARL,14355,275,98.12,6222,94.63,7704,2742,3480
2022-05-11,MARL,27884,1984,93.36,6197,92.79,7704,2870,3327
2022-05-05,MARL,14414,216,98.52,6302,94.57,7704,2742,3560
2022-05-11,MARL,28012,1856,93.79,5896,92.95,7704,2870,3026
2022-05-05,MARL,14314,316,97.84,6257,94.61,7704,2742,3515
2022-05-11,MARL,27637,2231,92.53,6347,92.75,7704,2870,3477
2022-05-05,MARL,14277,353,97.59,6294,94.61,7704,2742,3552
2022-05-11,MARL,27518,2350,92.13,6264,92.81,7704,2870,3394
2022-05-05,MARL,14478,152,98.96,5476,95.03,7704,2742,2734
2022-05-11,MARL,27980,1888,93.68,5674,93.08,7704,2870,2804
2022-05-05,MARL,14390,240,98.36,5668,94.93,7704,2742,2926
2022-05-11,MARL,28061,1807,93.95,5687,93.06,7704,2870,2817
2022-05-05,MARL,14202,428,97.07,6325,94.6,7704,2742,3583
2022-05-11,MARL,27528,2340,92.17,6269,92.81,7704,2870,3399
2022-05-05,MARL,14326,304,97.92,6102,94.7,7704,2742,3360
2022-05-11,MARL,27806,2062,93.1,6013,92.91,7704,2870,3143
2022-05-05,MARL,14392,238,98.37,5412,95.08,7704,2742,2670
2022-05-11,MARL,28108,1760,94.11,5570,93.12,7704,2870,2700
2022-05-05,MARL,14383,247,98.31,5401,95.08,7704,2742,2659
2022-05-11,MARL,27916,1952,93.46,5364,93.26,7704,2870,2494
2022-05-05,MARL,14399,231,98.42,5275,95.15,7704,2742,2533
2022-05-11,MARL,28105,1763,94.1,5381,93.23,7704,2870,2511
2022-05-05,MARL,14388,242,98.35,5229,95.18,7704,2742,2487
2022-05-11,MARL,28006,1862,93.77,5304,93.28,7704,2870,2434
2022-05-05,MARL,14240,390,97.33,5882,94.83,7704,2742,3140
2022-05-11,MARL,27534,2334,92.19,6049,92.93,7704,2870,3179
2022-05-05,MARL,14205,425,97.1,5838,94.87,7704,2742,3096
2022-05-11,MARL,27539,2329,92.2,6060,92.92,7704,2870,3190
2022-05-05,MARL,14333,297,97.97,5439,95.07,7704,2742,2697
2022-05-11,MARL,27546,2322,92.23,5976,92.97,7704,2870,3106
2022-05-05,MARL,14318,312,97.87,5380,95.11,7704,2742,2638
2022-05-11,MARL,27844,2024,93.22,5786,93.03,7704,2870,2916
2022-05-05,MARL,14309,321,97.81,5177,95.22,7704,2742,2435
2022-05-11,MARL,27832,2036,93.18,5540,93.17,7704,2870,2670
2022-05-05,MARL,14283,347,97.63,5378,95.11,7704,2742,2636
2022-05-11,MARL,27642,2226,92.55,5881,93.0,7704,2870,3011
2022-05-05,MARL,14309,321,97.81,5115,95.26,7704,2742,2373
2022-05-11,MARL,27715,2153,92.79,5764,93.06,7704,2870,2894
2022-05-05,MARL,14328,302,97.94,5130,95.24,7704,2742,2388
2022-05-11,MARL,27639,2229,92.54,5755,93.07,7704,2870,2885
2022-05-05,MARL,14423,207,98.59,4793,95.42,7704,2742,2051
2022-05-11,MARL,27992,1876,93.72,4956,93.48,7704,2870,2086
2022-05-05,MARL,14277,353,97.59,5616,94.98,7704,2742,2874
2022-05-11,MARL,27731,2137,92.85,5902,92.98,7704,2870,3032
2022-05-05,MARL,14423,207,98.59,4876,95.37,7704,2742,2134
2022-05-11,MARL,27959,1909,93.61,5003,93.46,7704,2870,2133
2022-05-05,MARL,14251,379,97.41,5652,94.97,7704,2742,2910
2022-05-11,MARL,27594,2274,92.39,5876,93.02,7704,2870,3006
2022-05-05,MARL,14271,359,97.55,5652,94.96,7704,2742,2910
2022-05-11,MARL,27752,2116,92.92,5838,93.01,7704,2870,2968
2022-05-05,MARL,14214,416,97.16,5589,95.01,7704,2742,2847
2022-05-11,MARL,27652,2216,92.58,5923,92.98,7704,2870,3053
2022-05-05,MARL,14201,429,97.07,5706,94.93,7704,2742,2964
2022-05-11,MARL,27474,2394,91.98,5896,93.02,7704,2870,3026
2022-05-05,MARL,14147,483,96.7,5982,94.8,7704,2742,3240
2022-05-11,MARL,27185,2683,91.02,6305,92.83,7704,2870,3435
2022-05-05,MARL,14227,403,97.25,5647,94.97,7704,2742,2905
2022-05-11,MARL,27482,2386,92.01,5897,93.01,7704,2870,3027
2022-05-05,MARL,14243,387,97.35,5610,94.99,7704,2742,2868
2022-05-11,MARL,27497,2371,92.06,5827,93.06,7704,2870,2957
2022-05-05,MARL,14193,437,97.01,5668,94.96,7704,2742,2926
2022-05-11,MARL,27555,2313,92.26,5838,93.04,7704,2870,2968
2022-05-05,MARL,14152,478,96.73,5697,94.95,7704,2742,2955
2022-05-11,MARL,27435,2433,91.85,5893,93.03,7704,2870,3023
2022-05-05,MARL,14250,380,97.4,5460,95.07,7704,2742,2718
2022-05-11,MARL,27741,2127,92.88,5870,93.0,7704,2870,3000
2022-05-05,MARL,14193,437,97.01,5632,94.98,7704,2742,2890
2022-05-11,MARL,27513,2355,92.12,5930,93.01,7704,2870,3060
2022-05-05,MARL,14206,424,97.1,5612,95.0,7704,2742,2870
2022-05-11,MARL,27676,2192,92.66,5890,93.0,7704,2870,3020
2022-05-05,MARL,14175,455,96.89,5688,94.95,7704,2742,2946
2022-05-11,MARL,27541,2327,92.21,5916,93.01,7704,2870,3046
2022-05-05,MARL,14364,266,98.18,4877,95.38,7704,2742,2135
2022-05-11,MARL,28081,1787,94.02,4957,93.47,7704,2870,2087
2022-05-05,MARL,14203,427,97.08,5685,94.95,7704,2742,2943
2022-05-11,MARL,27672,2196,92.65,5956,92.97,7704,2870,3086
2022-05-05,MARL,14202,428,97.07,5718,94.93,7704,2742,2976
2022-05-11,MARL,27495,2373,92.06,5895,93.02,7704,2870,3025
2022-05-05,MARL,14184,446,96.95,5646,94.97,7704,2742,2904
2022-05-11,MARL,27440,2428,91.87,5870,93.04,7704,2870,3000
2022-05-05,MARL,14271,359,97.55,5659,94.96,7704,2742,2917
2022-05-11,MARL,27522,2346,92.15,5907,93.0,7704,2870,3037
2022-05-05,MARL,14147,483,96.7,5604,95.01,7704,2742,2862
2022-05-11,MARL,27565,2303,92.29,5856,93.03,7704,2870,2986
2022-05-05,MARL,14211,419,97.14,5646,94.97,7704,2742,2904
2022-05-11,MARL,27519,2349,92.14,5871,93.03,7704,2870,3001
2022-05-05,MARL,14337,293,98.0,5334,95.13,7704,2742,2592
2022-05-11,MARL,27597,2271,92.4,5773,93.07,7704,2870,2903
2022-05-05,MARL,14322,308,97.89,5468,95.05,7704,2742,2726
2022-05-11,MARL,27781,2087,93.01,5753,93.06,7704,2870,2883
2022-05-05,MARL,14443,187,98.72,4834,95.39,7704,2742,2092
2022-05-11,MARL,28071,1797,93.98,5099,93.39,7704,2870,2229
2022-05-05,MARL,14210,420,97.13,5615,94.99,7704,2742,2873
2022-05-11,MARL,27421,2447,91.81,5902,93.03,7704,2870,3032
2022-05-05,MARL,14267,363,97.52,5660,94.95,7704,2742,2918
2022-05-11,MARL,27599,2269,92.4,5900,93.0,7704,2870,3030
2022-05-05,MARL,14264,366,97.5,5702,94.93,7704,2742,2960
2022-05-11,MARL,27701,2167,92.74,5826,93.03,7704,2870,2956
2022-05-05,MARL,14155,475,96.75,5713,94.94,7704,2742,2971
2022-05-11,MARL,27419,2449,91.8,5941,93.0,7704,2870,3071
2022-05-05,MARL,14193,437,97.01,5671,94.96,7704,2742,2929
2022-05-11,MARL,27515,2353,92.12,5858,93.03,7704,2870,2988
2022-05-05,MARL,14221,409,97.2,5686,94.95,7704,2742,2944
2022-05-11,MARL,27577,2291,92.33,5857,93.03,7704,2870,2987
2022-05-05,MARL,14191,439,97.0,5655,94.97,7704,2742,2913
2022-05-11,MARL,27479,2389,92.0,5912,93.01,7704,2870,3042
2022-05-05,MARL,14223,407,97.22,5613,94.99,7704,2742,2871
2022-05-11,MARL,27441,2427,91.87,5919,93.01,7704,2870,3049
2022-05-05,MARL,14215,415,97.16,5710,94.94,7704,2742,2968
2022-05-11,MARL,27524,2344,92.15,5872,93.04,7704,2870,3002
2022-05-05,MARL,14193,437,97.01,5640,94.98,7704,2742,2898
2022-05-11,MARL,27525,2343,92.16,5856,93.04,7704,2870,2986
2022-05-05,MARL,14213,417,97.15,5667,94.96,7704,2742,2925
2022-05-11,MARL,27537,2331,92.2,5831,93.05,7704,2870,2961
2022-05-05,MARL,14213,417,97.15,5659,94.96,7704,2742,2917
2022-05-11,MARL,27626,2242,92.49,5907,92.99,7704,2870,3037
2022-05-05,MARL,14279,351,97.6,5607,94.99,7704,2742,2865
2022-05-11,MARL,27787,2081,93.03,5864,93.01,7704,2870,2994
2022-05-05,MARL,14355,275,98.12,5113,95.25,7704,2742,2371
2022-05-11,MARL,27959,1909,93.61,5331,93.28,7704,2870,2461
2022-05-05,MARL,14293,337,97.7,5635,94.97,7704,2742,2893
2022-05-11,MARL,27619,2249,92.47,5846,93.02,7704,2870,2976
2022-05-05,MARL,14208,422,97.12,5607,94.99,7704,2742,2865
2022-05-11,MARL,27550,2318,92.24,5888,93.02,7704,2870,3018
2022-05-05,MARL,14181,449,96.93,5598,95.0,7704,2742,2856
2022-05-11,MARL,27388,2480,91.7,5859,93.06,7704,2870,2989
2022-05-05,MARL,14174,456,96.88,5653,94.97,7704,2742,2911
2022-05-11,MARL,27555,2313,92.26,5879,93.01,7704,2870,3009
2022-05-05,MARL,14384,246,98.32,5097,95.26,7704,2742,2355
2022-05-11,MARL,27965,1903,93.63,5093,93.4,7704,2870,2223
2022-05-05,MARL,14196,434,97.03,5664,94.96,7704,2742,2922
2022-05-11,MARL,27571,2297,92.31,5860,93.03,7704,2870,2990
2022-05-05,MARL,14125,505,96.55,6085,94.74,7704,2742,3343
2022-05-11,MARL,27163,2705,90.94,6335,92.81,7704,2870,3465
2022-05-05,MARL,14249,381,97.4,5533,95.03,7704,2742,2791
2022-05-11,MARL,27455,2413,91.92,5857,93.05,7704,2870,2987
2022-05-05,MARL,14238,392,97.32,5684,94.95,7704,2742,2942
2022-05-11,MARL,27636,2232,92.53,5881,93.01,7704,2870,3011
2022-05-05,MARL,14104,526,96.4,5972,94.8,7704,2742,3230
2022-05-11,MARL,27526,2342,92.16,5930,93.0,7704,2870,3060
2022-05-05,MARL,14316,314,97.85,5296,95.15,7704,2742,2554
2022-05-11,MARL,27526,2342,92.16,5832,93.04,7704,2870,2962
2022-05-05,MARL,14339,291,98.01,5386,95.1,7704,2742,2644
2022-05-11,MARL,27430,2438,91.84,5910,93.02,7704,2870,3040
2022-05-05,MARL,14268,362,97.53,5618,94.98,7704,2742,2876
2022-05-11,MARL,27606,2262,92.43,5812,93.05,7704,2870,2942
2022-05-05,MARL,14265,365,97.51,5588,95.0,7704,2742,2846
2022-05-11,MARL,27650,2218,92.57,5958,92.97,7704,2870,3088
2022-05-05,MARL,14257,373,97.45,5675,94.95,7704,2742,2933
2022-05-11,MARL,27555,2313,92.26,5825,93.05,7704,2870,2955
2022-05-05,MARL,14162,468,96.8,5692,94.95,7704,2742,2950
2022-05-11,MARL,27520,2348,92.14,5835,93.05,7704,2870,2965
2022-05-05,MARL,14243,387,97.35,5718,94.93,7704,2742,2976
2022-05-11,MARL,27602,2266,92.41,5887,93.01,7704,2870,3017
2022-05-05,MARL,14210,420,97.13,5600,94.99,7704,2742,2858
2022-05-11,MARL,27589,2279,92.37,5897,93.0,7704,2870,3027
2022-05-05,MARL,14214,416,97.16,5631,94.98,7704,2742,2889
2022-05-11,MARL,27472,2396,91.98,5873,93.03,7704,2870,3003
2022-05-05,MARL,14165,465,96.82,5580,95.01,7704,2742,2838
2022-05-11,MARL,27513,2355,92.12,5909,93.01,7704,2870,3039
2022-05-05,MARL,14434,196,98.66,4865,95.37,7704,2742,2123
2022-05-11,MARL,28089,1779,94.04,4960,93.46,7704,2870,2090
2022-05-05,MARL,14239,391,97.33,5624,94.98,7704,2742,2882
2022-05-11,MARL,27576,2292,92.33,5903,93.0,7704,2870,3033
2022-05-05,MARL,14242,388,97.35,5592,95.0,7704,2742,2850
2022-05-11,MARL,27496,2372,92.06,5824,93.06,7704,2870,2954
2022-05-05,MARL,14405,225,98.46,5265,95.16,7704,2742,2523
2022-05-11,MARL,27737,2131,92.87,5734,93.07,7704,2870,2864
2022-05-05,MARL,14192,438,97.01,8892,93.14,7704,2742,6150
2022-05-11,MARL,27456,2412,91.92,8384,91.61,7704,2870,5514
2022-05-05,MARL,14151,479,96.73,8473,93.39,7704,2742,5731
2022-05-11,MARL,27347,2521,91.56,8401,91.62,7704,2870,5531
2022-05-05,MARL,14197,433,97.04,8419,93.41,7704,2742,5677
2022-05-11,MARL,27462,2406,91.94,8277,91.68,7704,2870,5407
2022-05-05,MARL,14212,418,97.14,8169,93.56,7704,2742,5427
2022-05-11,MARL,27485,2383,92.02,7949,91.85,7704,2870,5079
2022-05-05,MARL,14231,399,97.27,8036,93.63,7704,2742,5294
2022-05-11,MARL,27704,2164,92.75,7706,91.97,7704,2870,4836
2022-05-05,MARL,14256,374,97.44,7881,93.71,7704,2742,5139
2022-05-11,MARL,27766,2102,92.96,7784,91.93,7704,2870,4914
2022-05-05,MARL,14316,314,97.85,7360,93.99,7704,2742,4618
2022-05-11,MARL,27459,2409,91.93,7238,92.27,7704,2870,4368
2022-05-05,MARL,14255,375,97.44,7515,93.92,7704,2742,4773
2022-05-11,MARL,27637,2231,92.53,7302,92.21,7704,2870,4432
2022-05-05,MARL,14299,331,97.74,7386,93.98,7704,2742,4644
2022-05-11,MARL,27616,2252,92.46,7229,92.26,7704,2870,4359
2022-05-05,MARL,14307,323,97.79,7222,94.07,7704,2742,4480
2022-05-11,MARL,27718,2150,92.8,6992,92.37,7704,2870,4122
2022-05-05,MARL,14143,487,96.67,8596,93.32,7704,2742,5854
2022-05-11,MARL,27761,2107,92.95,7469,92.1,7704,2870,4599
2022-05-05,MARL,14313,317,97.83,7034,94.18,7704,2742,4292
2022-05-11,MARL,27741,2127,92.88,6831,92.46,7704,2870,3961
2022-05-05,MARL,14330,300,97.95,6818,94.29,7704,2742,4076
2022-05-11,MARL,27918,1950,93.47,6844,92.43,7704,2870,3974
2022-05-05,MARL,14331,299,97.96,6464,94.5,7704,2742,3722
2022-05-11,MARL,27784,2084,93.02,6294,92.76,7704,2870,3424
2022-05-05,MARL,14331,299,97.96,6553,94.44,7704,2742,3811
2022-05-11,MARL,27788,2080,93.04,6340,92.73,7704,2870,3470
2022-05-05,MARL,14365,265,98.19,6245,94.62,7704,2742,3503
2022-05-11,MARL,27927,1941,93.5,6212,92.79,7704,2870,3342
2022-05-05,MARL,14353,277,98.11,6388,94.53,7704,2742,3646
2022-05-11,MARL,27849,2019,93.24,6114,92.85,7704,2870,3244
2022-05-05,MARL,14330,300,97.95,6086,94.7,7704,2742,3344
2022-05-11,MARL,27981,1887,93.68,5993,92.9,7704,2870,3123
2022-05-05,MARL,14314,316,97.84,5996,94.76,7704,2742,3254
2022-05-11,MARL,27847,2021,93.23,5874,92.99,7704,2870,3004
2022-05-05,MARL,14236,394,97.31,6393,94.55,7704,2742,3651
2022-05-11,MARL,27615,2253,92.46,6372,92.73,7704,2870,3502
2022-05-05,MARL,14323,307,97.9,5791,94.87,7704,2742,3049
2022-05-11,MARL,27889,1979,93.37,5779,93.03,7704,2870,2909
2022-05-05,MARL,14528,102,99.3,4834,95.38,7704,2742,2092
2022-05-11,MARL,28498,1370,95.41,4797,93.51,7704,2870,1927
2022-05-05,MARL,14508,122,99.17,4953,95.32,7704,2742,2211
2022-05-11,MARL,28451,1417,95.26,4845,93.49,7704,2870,1975
2022-05-05,MARL,14383,247,98.31,5536,95.01,7704,2742,2794
2022-05-11,MARL,28088,1780,94.04,5508,93.16,7704,2870,2638
2022-05-05,MARL,14380,250,98.29,5449,95.06,7704,2742,2707
2022-05-11,MARL,27880,1988,93.34,5409,93.24,7704,2870,2539
2022-05-05,MARL,14287,343,97.66,5882,94.83,7704,2742,3140
2022-05-11,MARL,27754,2114,92.92,6223,92.8,7704,2870,3353
2022-05-05,MARL,14332,298,97.96,5511,95.03,7704,2742,2769
2022-05-11,MARL,27752,2116,92.92,5716,93.08,7704,2870,2846
2022-05-05,MARL,14341,289,98.02,5302,95.15,7704,2742,2560
2022-05-11,MARL,28109,1759,94.11,5339,93.25,7704,2870,2469
2022-05-05,MARL,14381,249,98.3,5288,95.14,7704,2742,2546
2022-05-11,MARL,28079,1789,94.01,5274,93.29,7704,2870,2404
2022-05-05,MARL,14377,253,98.27,5312,95.13,7704,2742,2570
2022-05-11,MARL,28031,1837,93.85,5422,93.21,7704,2870,2552
2022-05-05,MARL,14282,348,97.62,6155,94.68,7704,2742,3413
2022-05-11,MARL,27357,2511,91.59,6563,92.66,7704,2870,3693
2022-05-05,MARL,14188,442,96.98,5906,94.83,7704,2742,3164
2022-05-11,MARL,27441,2427,91.87,6154,92.88,7704,2870,3284
2022-05-05,MARL,14215,415,97.16,6007,94.77,7704,2742,3265
2022-05-11,MARL,27527,2341,92.16,6063,92.93,7704,2870,3193
2022-05-05,MARL,14407,223,98.48,5734,94.89,7704,2742,2992
2022-05-11,MARL,27795,2073,93.06,5826,93.02,7704,2870,2956
2022-05-05,MARL,14366,264,98.2,5343,95.12,7704,2742,2601
2022-05-11,MARL,27998,1870,93.74,5316,93.28,7704,2870,2446
2022-05-05,MARL,14204,426,97.09,5966,94.8,7704,2742,3224
2022-05-11,MARL,27386,2482,91.69,6140,92.9,7704,2870,3270
2022-05-05,MARL,14309,321,97.81,6085,94.71,7704,2742,3343
2022-05-11,MARL,27530,2338,92.17,6094,92.9,7704,2870,3224
2022-05-05,MARL,14418,212,98.55,5280,95.14,7704,2742,2538
2022-05-11,MARL,28112,1756,94.12,5519,93.15,7704,2870,2649
2022-05-05,MARL,14399,231,98.42,5369,95.1,7704,2742,2627
2022-05-11,MARL,28072,1796,93.99,5373,93.24,7704,2870,2503
2022-05-05,MARL,14402,228,98.44,5368,95.1,7704,2742,2626
2022-05-11,MARL,28033,1835,93.86,5279,93.3,7704,2870,2409
2022-05-05,MARL,14225,405,97.23,6019,94.76,7704,2742,3277
2022-05-11,MARL,27512,2356,92.11,6156,92.86,7704,2870,3286
2022-05-05,MARL,14248,382,97.39,5985,94.77,7704,2742,3243
2022-05-11,MARL,27463,2405,91.95,6206,92.84,7704,2870,3336
2022-05-05,MARL,14200,430,97.06,5941,94.81,7704,2742,3199
2022-05-11,MARL,27502,2366,92.08,6102,92.9,7704,2870,3232
2022-05-05,MARL,14319,311,97.87,5332,95.13,7704,2742,2590
2022-05-11,MARL,28047,1821,93.9,5455,93.2,7704,2870,2585
2022-05-05,MARL,14185,445,96.96,5868,94.85,7704,2742,3126
2022-05-11,MARL,27503,2365,92.08,6116,92.89,7704,2870,3246
2022-05-05,MARL,14195,435,97.03,5983,94.79,7704,2742,3241
2022-05-11,MARL,27478,2390,92.0,6131,92.88,7704,2870,3261
2022-05-05,MARL,14270,360,97.54,6061,94.74,7704,2742,3319
2022-05-11,MARL,27457,2411,91.93,6115,92.9,7704,2870,3245
2022-05-05,MARL,14400,230,98.43,5251,95.16,7704,2742,2509
2022-05-11,MARL,28036,1832,93.87,5359,93.25,7704,2870,2489
2022-05-05,MARL,14350,280,98.09,5245,95.17,7704,2742,2503
2022-05-11,MARL,28011,1857,93.78,5403,93.23,7704,2870,2533
2022-05-05,MARL,14275,355,97.57,5837,94.85,7704,2742,3095
2022-05-11,MARL,27851,2017,93.25,5830,93.01,7704,2870,2960
2022-05-05,MARL,14236,394,97.31,8423,93.41,7704,2742,5681
2022-05-11,MARL,27392,2476,91.71,8577,91.52,7704,2870,5707
2022-05-05,MARL,14190,440,96.99,8573,93.33,7704,2742,5831
2022-05-11,MARL,27329,2539,91.5,8418,91.61,7704,2870,5548
2022-05-05,MARL,14191,439,97.0,8466,93.38,7704,2742,5724
2022-05-11,MARL,27167,2701,90.96,7975,91.9,7704,2870,5105
2022-05-05,MARL,14242,388,97.35,8361,93.44,7704,2742,5619
2022-05-11,MARL,27414,2454,91.78,8225,91.71,7704,2870,5355
2022-05-05,MARL,14163,467,96.81,7993,93.66,7704,2742,5251
2022-05-11,MARL,27484,2384,92.02,7987,91.84,7704,2870,5117
2022-05-05,MARL,14251,379,97.41,7810,93.75,7704,2742,5068
2022-05-11,MARL,27599,2269,92.4,7514,92.09,7704,2870,4644
2022-05-05,MARL,14231,399,97.27,7589,93.87,7704,2742,4847
2022-05-11,MARL,27740,2128,92.88,7462,92.1,7704,2870,4592
2022-05-05,MARL,14315,315,97.85,7724,93.78,7704,2742,4982
2022-05-11,MARL,27314,2554,91.45,8128,91.77,7704,2870,5258
2022-05-05,MARL,13935,695,95.25,8981,93.14,7704,2742,6239
2022-05-11,MARL,26756,3112,89.58,8925,91.39,7704,2870,6055
2022-05-05,MARL,14306,324,97.79,7098,94.15,7704,2742,4356
2022-05-11,MARL,27710,2158,92.77,7006,92.36,7704,2870,4136
2022-05-05,MARL,14270,360,97.54,6979,94.22,7704,2742,4237
2022-05-11,MARL,27476,2392,91.99,6973,92.4,7704,2870,4103
2022-05-05,MARL,14323,307,97.9,6722,94.35,7704,2742,3980
2022-05-11,MARL,27677,2191,92.66,6654,92.57,7704,2870,3784
2022-05-05,MARL,14357,273,98.13,6796,94.3,7704,2742,4054
2022-05-11,MARL,27770,2098,92.98,6526,92.63,7704,2870,3656
2022-05-05,MARL,14435,195,98.67,6447,94.48,7704,2742,3705
2022-05-11,MARL,27989,1879,93.71,5907,92.95,7704,2870,3037
2022-05-05,MARL,14428,202,98.62,6292,94.58,7704,2742,3550
2022-05-11,MARL,28107,1761,94.1,5691,93.06,7704,2870,2821
2022-05-05,MARL,14437,193,98.68,5723,94.89,7704,2742,2981
2022-05-11,MARL,28227,1641,94.51,5745,93.01,7704,2870,2875
2022-05-05,MARL,14466,164,98.88,5844,94.82,7704,2742,3102
2022-05-11,MARL,28115,1753,94.13,5591,93.11,7704,2870,2721
2022-05-05,MARL,14446,184,98.74,5516,95.01,7704,2742,2774
2022-05-11,MARL,28220,1648,94.48,5439,93.18,7704,2870,2569
2022-05-05,MARL,14316,314,97.85,5907,94.81,7704,2742,3165
2022-05-11,MARL,28055,1813,93.93,5797,93.01,7704,2870,2927
2022-05-05,MARL,14376,254,98.26,5866,94.82,7704,2742,3124
2022-05-11,MARL,27926,1942,93.5,6071,92.87,7704,2870,3201
2022-05-05,MARL,14398,232,98.41,5815,94.85,7704,2742,3073
2022-05-11,MARL,27929,1939,93.51,5744,93.05,7704,2870,2874
2022-05-05,MARL,14349,281,98.08,5685,94.93,7704,2742,2943
2022-05-11,MARL,28027,1841,93.84,5726,93.05,7704,2870,2856
2022-05-05,MARL,14276,354,97.58,5553,95.01,7704,2742,2811
2022-05-11,MARL,28011,1857,93.78,5587,93.12,7704,2870,2717
2022-05-05,MARL,14341,289,98.02,5596,94.98,7704,2742,2854
2022-05-11,MARL,27958,1910,93.61,5652,93.09,7704,2870,2782
2022-05-05,MARL,14382,248,98.3,5479,95.04,7704,2742,2737
2022-05-11,MARL,27860,2008,93.28,5582,93.15,7704,2870,2712
2022-05-05,MARL,14423,207,98.59,5488,95.03,7704,2742,2746
2022-05-11,MARL,28089,1779,94.04,5454,93.19,7704,2870,2584
2022-05-05,MARL,14416,214,98.54,5314,95.13,7704,2742,2572
2022-05-11,MARL,28129,1739,94.18,5424,93.2,7704,2870,2554
2022-05-05,MARL,14391,239,98.37,5413,95.08,7704,2742,2671
2022-05-11,MARL,27941,1927,93.55,5293,93.3,7704,2870,2423
2022-05-05,MARL,14549,81,99.45,4423,95.61,7704,2742,1681
2022-05-11,MARL,28408,1460,95.11,4318,93.79,7704,2870,1448
2022-05-05,MARL,14542,88,99.4,4520,95.56,7704,2742,1778
2022-05-11,MARL,28437,1431,95.21,4389,93.75,7704,2870,1519
2022-05-05,MARL,14420,210,98.56,5258,95.16,7704,2742,2516
2022-05-11,MARL,28074,1794,93.99,5337,93.26,7704,2870,2467
2022-05-05,MARL,14503,127,99.13,4843,95.38,7704,2742,2101
2022-05-11,MARL,28320,1548,94.82,4815,93.52,7704,2870,1945
2022-05-05,MARL,14547,83,99.43,4208,95.73,7704,2742,1466
2022-05-11,MARL,28465,1403,95.3,4434,93.72,7704,2870,1564
2022-05-05,MARL,14379,251,98.28,5350,95.11,7704,2742,2608
2022-05-11,MARL,28026,1842,93.83,5399,93.23,7704,2870,2529
2022-05-05,MARL,14421,209,98.57,5382,95.09,7704,2742,2640
2022-05-11,MARL,28060,1808,93.95,5445,93.2,7704,2870,2575
2022-05-05,MARL,14440,190,98.7,5252,95.16,7704,2742,2510
2022-05-11,MARL,28174,1694,94.33,5463,93.17,7704,2870,2593
2022-05-05,MARL,14373,257,98.24,5424,95.07,7704,2742,2682
2022-05-11,MARL,27930,1938,93.51,5409,93.23,7704,2870,2539
2022-05-05,MARL,14363,267,98.17,5200,95.2,7704,2742,2458
2022-05-11,MARL,28148,1720,94.24,5392,93.21,7704,2870,2522
2022-05-05,MARL,14560,70,99.52,4515,95.55,7704,2742,1773
2022-05-11,MARL,28449,1419,95.25,4693,93.57,7704,2870,1823
2022-05-05,MARL,14559,71,99.51,4386,95.63,7704,2742,1644
2022-05-11,MARL,28421,1447,95.16,4376,93.76,7704,2870,1506
2022-05-05,MARL,14551,79,99.46,4380,95.63,7704,2742,1638
2022-05-11,MARL,28454,1414,95.27,4325,93.78,7704,2870,1455
2022-05-05,MARL,14537,93,99.36,4522,95.55,7704,2742,1780
2022-05-11,MARL,28451,1417,95.26,4507,93.68,7704,2870,1637
2022-05-05,MARL,14364,266,98.18,5418,95.08,7704,2742,2676
2022-05-11,MARL,28068,1800,93.97,5430,93.21,7704,2870,2560
2022-05-05,MARL,14432,198,98.65,5200,95.19,7704,2742,2458
2022-05-11,MARL,28126,1742,94.17,5308,93.27,7704,2870,2438
2022-05-05,MARL,14434,196,98.66,5326,95.12,7704,2742,2584
2022-05-11,MARL,28161,1707,94.28,5421,93.2,7704,2870,2551
2022-05-05,MARL,14431,199,98.64,5420,95.07,7704,2742,2678
2022-05-11,MARL,28109,1759,94.11,5383,93.23,7704,2870,2513
2022-05-05,MARL,14362,268,98.17,5391,95.09,7704,2742,2649
2022-05-11,MARL,28229,1639,94.51,5443,93.18,7704,2870,2573
2022-05-05,MARL,14406,224,98.47,5295,95.14,7704,2742,2553
2022-05-11,MARL,28137,1731,94.2,5262,93.29,7704,2870,2392
2022-05-05,MARL,14486,144,99.02,5168,95.2,7704,2742,2426
2022-05-11,MARL,28166,1702,94.3,5302,93.27,7704,2870,2432
2022-05-05,MARL,14542,88,99.4,4442,95.6,7704,2742,1700
2022-05-11,MARL,28413,1455,95.13,4366,93.76,7704,2870,1496
2022-05-05,MARL,14326,430,97.09,8478,93.36,7704,2742,5736
2022-05-11,MARL,29447,3605,89.09,8679,91.19,7704,2870,5809
2022-05-05,MARL,14237,393,97.31,8634,93.29,7704,2742,5892
2022-05-11,MARL,27437,2431,91.86,8330,91.65,7704,2870,5460
2022-05-05,MARL,14238,392,97.32,8581,93.32,7704,2742,5839
2022-05-11,MARL,27229,2639,91.16,8595,91.54,7704,2870,5725
2022-05-05,MARL,14190,440,96.99,8267,93.5,7704,2742,5525
2022-05-11,MARL,27579,2289,92.34,8139,91.73,7704,2870,5269
2022-05-05,MARL,14248,382,97.39,8237,93.51,7704,2742,5495
2022-05-11,MARL,27518,2350,92.13,8093,91.78,7704,2870,5223
2022-05-05,MARL,14222,408,97.21,8726,93.23,7704,2742,5984
2022-05-11,MARL,27071,2797,90.64,8893,91.38,7704,2870,6023
2022-05-05,MARL,14238,392,97.32,7830,93.74,7704,2742,5088
2022-05-11,MARL,27593,2275,92.38,7383,92.18,7704,2870,4513
2022-05-05,MARL,14299,331,97.74,7566,93.87,7704,2742,4824
2022-05-11,MARL,27561,2307,92.28,7407,92.15,7704,2870,4537
2022-05-05,MARL,14304,326,97.77,7413,93.96,7704,2742,4671
2022-05-11,MARL,27625,2243,92.49,7450,92.13,7704,2870,4580
2022-05-05,MARL,14267,363,97.52,7462,93.94,7704,2742,4720
2022-05-11,MARL,27727,2141,92.83,7150,92.28,7704,2870,4280
2022-05-05,MARL,14290,340,97.68,7175,94.1,7704,2742,4433
2022-05-11,MARL,27686,2182,92.69,6935,92.4,7704,2870,4065
2022-05-05,MARL,14331,299,97.96,7117,94.13,7704,2742,4375
2022-05-11,MARL,27681,2187,92.68,6819,92.46,7704,2870,3949
2022-05-05,MARL,14382,248,98.3,6840,94.28,7704,2742,4098
2022-05-11,MARL,27705,2163,92.76,6678,92.56,7704,2870,3808
2022-05-05,MARL,14369,261,98.22,6733,94.34,7704,2742,3991
2022-05-11,MARL,28071,1797,93.98,6405,92.66,7704,2870,3535
2022-05-05,MARL,14414,216,98.52,6668,94.37,7704,2742,3926
2022-05-11,MARL,27635,2233,92.52,6449,92.69,7704,2870,3579
2022-05-05,MARL,13631,999,93.17,9939,92.64,7704,2742,7197
2022-05-11,MARL,26032,3836,87.16,9433,91.22,7704,2870,6563
2022-05-05,MARL,14222,408,97.21,6391,94.55,7704,2742,3649
2022-05-11,MARL,27734,2134,92.86,6361,92.73,7704,2870,3491
2022-05-05,MARL,14315,315,97.85,6461,94.5,7704,2742,3719
2022-05-11,MARL,27813,2055,93.12,6131,92.84,7704,2870,3261
2022-05-05,MARL,14355,275,98.12,6107,94.69,7704,2742,3365
2022-05-11,MARL,28006,1862,93.77,5919,92.95,7704,2870,3049
2022-05-05,MARL,14391,239,98.37,6224,94.61,7704,2742,3482
2022-05-11,MARL,27845,2023,93.23,5973,92.93,7704,2870,3103
2022-05-05,MARL,14285,345,97.64,5934,94.8,7704,2742,3192
2022-05-11,MARL,27926,1942,93.5,6001,92.92,7704,2870,3131
2022-05-05,MARL,14300,330,97.74,5799,94.87,7704,2742,3057
2022-05-11,MARL,28079,1789,94.01,5698,93.05,7704,2870,2828
2022-05-05,MARL,14300,330,97.74,5720,94.91,7704,2742,2978
2022-05-11,MARL,27984,1884,93.69,5745,93.04,7704,2870,2875
2022-05-05,MARL,14391,239,98.37,5619,94.96,7704,2742,2877
2022-05-11,MARL,28058,1810,93.94,5609,93.1,7704,2870,2739
2022-05-05,MARL,14341,289,98.02,5613,94.97,7704,2742,2871
2022-05-11,MARL,28055,1813,93.93,5564,93.13,7704,2870,2694
2022-05-05,MARL,14468,162,98.89,5133,95.22,7704,2742,2391
2022-05-11,MARL,28377,1491,95.01,4789,93.53,7704,2870,1919
2022-05-05,MARL,14350,280,98.09,5422,95.08,7704,2742,2680
2022-05-11,MARL,28107,1761,94.1,5391,93.22,7704,2870,2521
2022-05-05,MARL,14345,285,98.05,5343,95.12,7704,2742,2601
2022-05-11,MARL,28129,1739,94.18,5300,93.27,7704,2870,2430
2022-05-05,MARL,14364,266,98.18,5429,95.07,7704,2742,2687
2022-05-11,MARL,27966,1902,93.63,5449,93.21,7704,2870,2579
2022-05-05,MARL,14399,231,98.42,5304,95.13,7704,2742,2562
2022-05-11,MARL,27958,1910,93.61,5395,93.23,7704,2870,2525
2022-05-05,MARL,14387,243,98.34,5360,95.1,7704,2742,2618
2022-05-11,MARL,27976,1892,93.67,5485,93.19,7704,2870,2615
2022-05-05,MARL,14375,255,98.26,5499,95.03,7704,2742,2757
2022-05-11,MARL,28000,1868,93.75,5464,93.2,7704,2870,2594
2022-05-05,MARL,14379,251,98.28,5469,95.04,7704,2742,2727
2022-05-11,MARL,27948,1920,93.57,5365,93.25,7704,2870,2495
2022-05-05,MARL,14366,264,98.2,5585,94.98,7704,2742,2843
2022-05-11,MARL,27698,2170,92.73,5728,93.08,7704,2870,2858
2022-05-05,MARL,14371,259,98.23,5443,95.06,7704,2742,2701
2022-05-11,MARL,27907,1961,93.43,5455,93.21,7704,2870,2585
2022-05-05,MARL,14355,275,98.12,5417,95.07,7704,2742,2675
2022-05-11,MARL,27986,1882,93.7,5480,93.19,7704,2870,2610
2022-05-05,MARL,14304,326,97.77,5284,95.15,7704,2742,2542
2022-05-11,MARL,27999,1869,93.74,5424,93.22,7704,2870,2554
2022-05-05,MARL,14379,251,98.28,5466,95.04,7704,2742,2724
2022-05-11,MARL,28037,1831,93.87,5370,93.24,7704,2870,2500
2022-05-05,MARL,14340,290,98.02,5455,95.06,7704,2742,2713
2022-05-11,MARL,27974,1894,93.66,5413,93.22,7704,2870,2543
2022-05-05,MARL,14364,266,98.18,5701,94.91,7704,2742,2959
2022-05-11,MARL,27920,1948,93.48,5590,93.13,7704,2870,2720
2022-05-05,MARL,14249,381,97.4,6117,94.7,7704,2742,3375
2022-05-11,MARL,27404,2464,91.75,6064,92.94,7704,2870,3194
2022-05-05,MARL,14319,311,97.87,5532,95.02,7704,2742,2790
2022-05-11,MARL,27955,1913,93.6,5433,93.22,7704,2870,2563
2022-05-05,MARL,14357,273,98.13,5413,95.08,7704,2742,2671
2022-05-11,MARL,27976,1892,93.67,5507,93.17,7704,2870,2637
2022-05-05,MARL,14386,244,98.33,5321,95.13,7704,2742,2579
2022-05-11,MARL,28083,1785,94.02,5487,93.17,7704,2870,2617
2022-05-05,MARL,14172,458,96.87,6132,94.71,7704,2742,3390
2022-05-11,MARL,27522,2346,92.15,6066,92.92,7704,2870,3196
2022-05-05,MARL,14364,266,98.18,5203,95.2,7704,2742,2461
2022-05-11,MARL,27945,1923,93.56,5414,93.22,7704,2870,2544
2022-05-05,MARL,14341,289,98.02,5361,95.11,7704,2742,2619
2022-05-11,MARL,27937,1931,93.53,5492,93.18,7704,2870,2622
2022-05-05,MARL,14368,262,98.21,5365,95.1,7704,2742,2623
2022-05-11,MARL,27916,1952,93.46,5486,93.19,7704,2870,2616
2022-05-05,MARL,14192,438,97.01,5920,94.82,7704,2742,3178
2022-05-11,MARL,27679,2189,92.67,6130,92.86,7704,2870,3260
2022-05-05,MARL,14180,450,96.92,6478,94.51,7704,2742,3736
2022-05-11,MARL,27161,2707,90.94,6687,92.61,7704,2870,3817
2022-05-05,MARL,14212,418,97.14,6011,94.77,7704,2742,3269
2022-05-11,MARL,27459,2409,91.93,6177,92.86,7704,2870,3307
2022-05-05,MARL,14300,330,97.74,8542,93.33,7704,2742,5800
2022-05-11,MARL,27448,2420,91.9,8573,91.52,7704,2870,5703
2022-05-05,MARL,14275,355,97.57,8488,93.36,7704,2742,5746
2022-05-11,MARL,27299,2569,91.4,8497,91.57,7704,2870,5627
2022-05-05,MARL,14192,438,97.01,8470,93.39,7704,2742,5728
2022-05-11,MARL,27510,2358,92.11,8415,91.59,7704,2870,5545
2022-05-05,MARL,14063,567,96.12,9176,93.01,7704,2742,6434
2022-05-11,MARL,26711,3157,89.43,9149,91.28,7704,2870,6279
2022-05-05,MARL,14107,523,96.43,9038,93.08,7704,2742,6296
2022-05-11,MARL,27129,2739,90.83,8895,91.38,7704,2870,6025
2022-05-05,MARL,14236,394,97.31,7800,93.76,7704,2742,5058
2022-05-11,MARL,27663,2205,92.62,7749,91.95,7704,2870,4879
2022-05-05,MARL,14252,378,97.42,7617,93.85,7704,2742,4875
2022-05-11,MARL,27550,2318,92.24,7633,92.04,7704,2870,4763
2022-05-05,MARL,14116,514,96.49,8707,93.27,7704,2742,5965
2022-05-11,MARL,26915,2953,90.11,8665,91.52,7704,2870,5795
2022-05-05,MARL,14262,368,97.48,7284,94.04,7704,2742,4542
2022-05-11,MARL,27725,2143,92.83,7060,92.33,7704,2870,4190
2022-05-05,MARL,14303,327,97.76,7410,93.98,7704,2742,4668
2022-05-11,MARL,27626,2242,92.49,7111,92.31,7704,2870,4241
2022-05-05,MARL,14335,295,97.98,6981,94.2,7704,2742,4239
2022-05-11,MARL,27669,2199,92.64,6842,92.47,7704,2870,3972
2022-05-05,MARL,13897,733,94.99,9935,92.6,7704,2742,7193
2022-05-11,MARL,26095,3773,87.37,9713,91.04,7704,2870,6843
2022-05-05,MARL,14286,344,97.65,6545,94.45,7704,2742,3803
2022-05-11,MARL,27859,2009,93.27,6672,92.53,7704,2870,3802
2022-05-05,MARL,14364,266,98.18,6827,94.28,7704,2742,4085
2022-05-11,MARL,27728,2140,92.84,6509,92.64,7704,2870,3639
2022-05-05,MARL,14395,235,98.39,6557,94.44,7704,2742,3815
2022-05-11,MARL,27794,2074,93.06,6446,92.66,7704,2870,3576
2022-05-05,MARL,14473,157,98.93,6051,94.7,7704,2742,3309
2022-05-11,MARL,28021,1847,93.82,5719,93.05,7704,2870,2849
2022-05-05,MARL,14467,163,98.89,5452,95.05,7704,2742,2710
2022-05-11,MARL,28259,1609,94.61,5513,93.14,7704,2870,2643
2022-05-05,MARL,14273,357,97.56,6310,94.59,7704,2742,3568
2022-05-11,MARL,27629,2239,92.5,6302,92.78,7704,2870,3432
2022-05-05,MARL,14460,170,98.84,6040,94.72,7704,2742,3298
2022-05-11,MARL,27871,1997,93.31,5871,92.99,7704,2870,3001
2022-05-05,MARL,14375,255,98.26,5656,94.94,7704,2742,2914
2022-05-11,MARL,27921,1947,93.48,5729,93.06,7704,2870,2859
2022-05-05,MARL,14350,280,98.09,5862,94.83,7704,2742,3120
2022-05-11,MARL,28225,1643,94.5,5633,93.08,7704,2870,2763
2022-05-05,MARL,14420,210,98.56,5490,95.03,7704,2742,2748
2022-05-11,MARL,27960,1908,93.61,5636,93.11,7704,2870,2766
2022-05-05,MARL,14361,269,98.16,5578,94.99,7704,2742,2836
2022-05-11,MARL,28080,1788,94.01,5570,93.13,7704,2870,2700
2022-05-05,MARL,14312,318,97.83,5881,94.83,7704,2742,3139
2022-05-11,MARL,27766,2102,92.96,6047,92.91,7704,2870,3177
2022-05-05,MARL,14240,390,97.33,6071,94.73,7704,2742,3329
2022-05-11,MARL,27516,2352,92.13,6176,92.86,7704,2870,3306
2022-05-05,MARL,14418,212,98.55,5277,95.15,7704,2742,2535
2022-05-11,MARL,28114,1754,94.13,5338,93.25,7704,2870,2468
2022-05-05,MARL,14375,255,98.26,5294,95.15,7704,2742,2552
2022-05-11,MARL,28131,1737,94.18,5276,93.28,7704,2870,2406
2022-05-05,MARL,14400,230,98.43,5300,95.14,7704,2742,2558
2022-05-11,MARL,27970,1898,93.65,5414,93.23,7704,2870,2544
2022-05-05,MARL,14421,209,98.57,5252,95.16,7704,2742,2510
2022-05-11,MARL,28038,1830,93.87,5302,93.28,7704,2870,2432
2022-05-05,MARL,14354,276,98.11,5331,95.13,7704,2742,2589
2022-05-11,MARL,28144,1724,94.23,5285,93.28,7704,2870,2415
2022-05-05,MARL,14265,365,97.51,6035,94.75,7704,2742,3293
2022-05-11,MARL,27566,2302,92.29,6189,92.85,7704,2870,3319
2022-05-05,MARL,14356,274,98.13,5262,95.17,7704,2742,2520
2022-05-11,MARL,28143,1725,94.22,5257,93.29,7704,2870,2387
2022-05-05,MARL,14315,315,97.85,5882,94.83,7704,2742,3140
2022-05-11,MARL,27560,2308,92.27,6075,92.9,7704,2870,3205
2022-05-05,MARL,14391,239,98.37,5333,95.12,7704,2742,2591
2022-05-11,MARL,28155,1713,94.26,5401,93.21,7704,2870,2531
2022-05-05,MARL,14444,186,98.73,5291,95.14,7704,2742,2549
2022-05-11,MARL,27961,1907,93.62,5285,93.3,7704,2870,2415
2022-05-05,MARL,14293,337,97.7,5832,94.86,7704,2742,3090
2022-05-11,MARL,27718,2150,92.8,5958,92.96,7704,2870,3088
2022-05-05,MARL,14419,211,98.56,5267,95.16,7704,2742,2525
2022-05-11,MARL,27997,1871,93.74,5422,93.22,7704,2870,2552
2022-05-05,MARL,14381,249,98.3,5240,95.17,7704,2742,2498
2022-05-11,MARL,27986,1882,93.7,5425,93.22,7704,2870,2555
2022-05-05,MARL,14374,256,98.25,5364,95.1,7704,2742,2622
2022-05-11,MARL,27956,1912,93.6,5409,93.23,7704,2870,2539
2022-05-05,MARL,14426,204,98.61,5305,95.13,7704,2742,2563
2022-05-11,MARL,28082,1786,94.02,5371,93.24,7704,2870,2501
2022-05-05,MARL,14366,264,98.2,5538,95.01,7704,2742,2796
2022-05-11,MARL,27864,2004,93.29,5576,93.15,7704,2870,2706
2022-05-05,MARL,14300,330,97.74,6062,94.73,7704,2742,3320
2022-05-11,MARL,27500,2368,92.07,6085,92.91,7704,2870,3215
2022-05-05,MARL,14405,225,98.46,5317,95.12,7704,2742,2575
2022-05-11,MARL,28082,1786,94.02,5430,93.2,7704,2870,2560
2022-05-05,MARL,14409,221,98.49,5420,95.07,7704,2742,2678
2022-05-11,MARL,28057,1811,93.94,5288,93.29,7704,2870,2418
2022-05-05,MARL,14268,362,97.53,5583,95.0,7704,2742,2841
2022-05-11,MARL,27865,2003,93.29,5696,93.08,7704,2870,2826
2022-05-05,MARL,14379,251,98.28,5265,95.15,7704,2742,2523
2022-05-11,MARL,28112,1756,94.12,5326,93.25,7704,2870,2456
2022-05-05,MARL,14361,269,98.16,6049,94.72,7704,2742,3307
2022-05-11,MARL,27581,2287,92.34,6139,92.87,7704,2870,3269
2022-05-05,MARL,14315,315,97.85,5242,95.18,7704,2742,2500
2022-05-11,MARL,28055,1813,93.93,5323,93.26,7704,2870,2453
2022-05-05,MARL,14372,258,98.24,5253,95.17,7704,2742,2511
2022-05-11,MARL,27994,1874,93.73,5303,93.28,7704,2870,2433
2022-05-05,MARL,14366,264,98.2,5289,95.14,7704,2742,2547
2022-05-11,MARL,27978,1890,93.67,5521,93.16,7704,2870,2651
2022-05-05,MARL,14147,483,96.7,8795,93.21,7704,2742,6053
2022-05-11,MARL,27371,2497,91.64,8491,91.57,7704,2870,5621
2022-05-05,MARL,14169,461,96.85,8649,93.28,7704,2742,5907
2022-05-11,MARL,27335,2533,91.52,8448,91.6,7704,2870,5578
2022-05-05,MARL,14166,464,96.83,8475,93.39,7704,2742,5733
2022-05-11,MARL,27387,2481,91.69,8346,91.65,7704,2870,5476
2022-05-05,MARL,14307,323,97.79,8029,93.62,7704,2742,5287
2022-05-11,MARL,27381,2487,91.67,8013,91.84,7704,2870,5143
2022-05-05,MARL,14282,348,97.62,8032,93.62,7704,2742,5290
2022-05-11,MARL,27448,2420,91.9,8094,91.78,7704,2870,5224
2022-05-05,MARL,14252,378,97.42,7783,93.77,7704,2742,5041
2022-05-11,MARL,27602,2266,92.41,7539,92.08,7704,2870,4669
2022-05-05,MARL,14306,324,97.79,7541,93.89,7704,2742,4799
2022-05-11,MARL,27669,2199,92.64,7565,92.06,7704,2870,4695
2022-05-05,MARL,14271,359,97.55,7323,94.02,7704,2742,4581
2022-05-11,MARL,27663,2205,92.62,7249,92.23,7704,2870,4379
2022-05-05,MARL,14252,378,97.42,7546,93.89,7704,2742,4804
2022-05-11,MARL,27551,2317,92.24,7557,92.07,7704,2870,4687
2022-05-05,MARL,13852,778,94.68,9889,92.63,7704,2742,7147
2022-05-11,MARL,26326,3542,88.14,9448,91.16,7704,2870,6578
2022-05-05,MARL,14291,339,97.68,6878,94.27,7704,2742,4136
2022-05-11,MARL,27603,2265,92.42,7054,92.35,7704,2870,4184
2022-05-05,MARL,14297,333,97.72,6714,94.37,7704,2742,3972
2022-05-11,MARL,27732,2136,92.85,6550,92.61,7704,2870,3680
2022-05-05,MARL,14339,291,98.01,6841,94.28,7704,2742,4099
2022-05-11,MARL,27876,1992,93.33,6379,92.7,7704,2870,3509
2022-05-05,MARL,14448,182,98.76,6241,94.6,7704,2742,3499
2022-05-11,MARL,27970,1898,93.65,5939,92.93,7704,2870,3069
2022-05-05,MARL,14482,148,98.99,6063,94.7,7704,2742,3321
2022-05-11,MARL,28059,1809,93.94,5970,92.9,7704,2870,3100
2022-05-05,MARL,14330,300,97.95,6426,94.52,7704,2742,3684
2022-05-11,MARL,27868,2000,93.3,6266,92.76,7704,2870,3396
2022-05-05,MARL,14294,336,97.7,6753,94.34,7704,2742,4011
2022-05-11,MARL,27760,2108,92.94,6603,92.58,7704,2870,3733
2022-05-05,MARL,14290,340,97.68,5971,94.78,7704,2742,3229
2022-05-11,MARL,27930,1938,93.51,6082,92.85,7704,2870,3212
2022-05-05,MARL,14399,231,98.42,6054,94.71,7704,2742,3312
2022-05-11,MARL,27829,2039,93.17,5945,92.95,7704,2870,3075
2022-05-05,MARL,14337,293,98.0,6064,94.72,7704,2742,3322
2022-05-11,MARL,27738,2130,92.87,6164,92.84,7704,2870,3294
2022-05-05,MARL,14367,263,98.2,5699,94.92,7704,2742,2957
2022-05-11,MARL,28037,1831,93.87,5707,93.06,7704,2870,2837
2022-05-05,MARL,14399,231,98.42,5652,94.94,7704,2742,2910
2022-05-11,MARL,27946,1922,93.57,5732,93.05,7704,2870,2862
2022-05-05,MARL,14219,411,97.19,6298,94.6,7704,2742,3556
2022-05-11,MARL,27457,2411,91.93,6262,92.81,7704,2870,3392
2022-05-05,MARL,14508,122,99.17,4601,95.51,7704,2742,1859
2022-05-11,MARL,28477,1391,95.34,4534,93.66,7704,2870,1664
2022-05-05,MARL,14437,193,98.68,5998,94.74,7704,2742,3256
2022-05-11,MARL,27980,1888,93.68,6237,92.77,7704,2870,3367
2022-05-05,MARL,14386,244,98.33,5366,95.1,7704,2742,2624
2022-05-11,MARL,27888,1980,93.37,5402,93.24,7704,2870,2532
2022-05-05,MARL,14288,342,97.66,5523,95.03,7704,2742,2781
2022-05-11,MARL,27850,2018,93.24,5768,93.04,7704,2870,2898
2022-05-05,MARL,14389,241,98.35,5324,95.13,7704,2742,2582
2022-05-11,MARL,28076,1792,94.0,5383,93.23,7704,2870,2513
2022-05-05,MARL,14346,284,98.06,5566,95.0,7704,2742,2824
2022-05-11,MARL,27663,2205,92.62,5776,93.06,7704,2870,2906
2022-05-05,MARL,14441,189,98.71,5361,95.1,7704,2742,2619
2022-05-11,MARL,28075,1793,94.0,5326,93.26,7704,2870,2456
2022-05-05,MARL,14342,288,98.03,5537,95.01,7704,2742,2795
2022-05-11,MARL,28056,1812,93.93,5331,93.26,7704,2870,2461
2022-05-05,MARL,14355,275,98.12,5337,95.12,7704,2742,2595
2022-05-11,MARL,28116,1752,94.13,5393,93.22,7704,2870,2523
2022-05-05,MARL,14369,261,98.22,5305,95.14,7704,2742,2563
2022-05-11,MARL,27996,1872,93.73,5497,93.18,7704,2870,2627
2022-05-05,MARL,14384,246,98.32,5315,95.13,7704,2742,2573
2022-05-11,MARL,28015,1853,93.8,5331,93.27,7704,2870,2461
2022-05-05,MARL,14291,339,97.68,5459,95.06,7704,2742,2717
2022-05-11,MARL,27909,1959,93.44,5502,93.18,7704,2870,2632
2022-05-05,MARL,14311,319,97.82,5801,94.88,7704,2742,3059
2022-05-11,MARL,27916,1952,93.46,5500,93.18,7704,2870,2630
2022-05-05,MARL,14288,342,97.66,6002,94.76,7704,2742,3260
2022-05-11,MARL,27353,2515,91.58,6160,92.89,7704,2870,3290
2022-05-05,MARL,14385,245,98.33,5379,95.1,7704,2742,2637
2022-05-11,MARL,28044,1824,93.89,5494,93.18,7704,2870,2624
2022-05-05,MARL,14357,273,98.13,5333,95.12,7704,2742,2591
2022-05-11,MARL,27927,1941,93.5,5552,93.16,7704,2870,2682
2022-05-05,MARL,14264,366,97.5,5954,94.79,7704,2742,3212
2022-05-11,MARL,27709,2159,92.77,6022,92.92,7704,2870,3152
2022-05-05,MARL,14248,382,97.39,5992,94.78,7704,2742,3250
2022-05-11,MARL,27578,2290,92.33,5991,92.95,7704,2870,3121
2022-05-05,MARL,14354,276,98.11,5416,95.08,7704,2742,2674
2022-05-11,MARL,27959,1909,93.61,5295,93.29,7704,2870,2425
2022-05-05,MARL,14316,314,97.85,5646,94.96,7704,2742,2904
2022-05-11,MARL,27919,1949,93.47,5788,93.02,7704,2870,2918
2022-05-05,MARL,14406,224,98.47,5327,95.12,7704,2742,2585
2022-05-11,MARL,27937,1931,93.53,5434,93.22,7704,2870,2564
2022-05-05,MARL,14232,398,97.28,6027,94.76,7704,2742,3285
2022-05-11,MARL,27492,2376,92.04,6073,92.92,7704,2870,3203
2022-05-05,MARL,14406,224,98.47,5308,95.13,7704,2742,2566
2022-05-11,MARL,28166,1702,94.3,5352,93.23,7704,2870,2482
2022-05-05,MARL,14228,402,97.25,5987,94.78,7704,2742,3245
2022-05-11,MARL,27516,2352,92.13,6161,92.87,7704,2870,3291
2022-05-05,MARL,14390,240,98.36,5180,95.2,7704,2742,2438
2022-05-11,MARL,28169,1699,94.31,5417,93.2,7704,2870,2547
2022-05-05,MARL,14400,230,98.43,5356,95.1,7704,2742,2614
2022-05-11,MARL,28061,1807,93.95,5359,93.24,7704,2870,2489
2022-05-05,MARL,14368,262,98.21,5342,95.12,7704,2742,2600
2022-05-11,MARL,28085,1783,94.03,5378,93.23,7704,2870,2508
