simulated_day,method,completed_trips,missed_trips,completion_rate,rebalancing_cost,avg_availability,ramaining_bikes,moved_3_4_h,moved_12_13_h
2022-05-05,MARL,14343,410,97.22,8672,93.21,7704,2744,5928
2022-05-11,MARL,27956,2707,91.17,8540,91.41,7704,2870,5670
2022-05-05,MARL,13085,1595,89.13,7462,60.65,5134,2640,4822
2022-05-11,MARL,23948,6136,79.6,7397,59.14,5134,2699,4698
2022-05-05,MARL,13224,1406,90.39,7355,60.71,5134,2640,4715
2022-05-11,MARL,24164,5704,80.9,7297,59.21,5134,2703,4594
2022-05-05,MARL,13138,1492,89.8,7356,60.72,5134,2640,4716
2022-05-11,MARL,24276,5592,81.28,7245,59.24,5134,2703,4542
2022-05-05,MARL,13162,1468,89.97,7299,60.75,5134,2640,4659
2022-05-11,MARL,24444,5424,81.84,7222,59.22,5134,2703,4519
2022-05-05,MARL,13026,1604,89.04,7513,60.65,5134,2640,4873
2022-05-11,MARL,23900,5968,80.02,7476,59.16,5134,2703,4773
2022-05-05,MARL,13278,1352,90.76,7205,60.78,5134,2640,4565
2022-05-11,MARL,24467,5401,81.92,6949,59.38,5134,2703,4246
2022-05-05,MARL,13026,1604,89.04,7451,60.68,5134,2640,4811
2022-05-11,MARL,24273,5595,81.27,7206,59.26,5134,2703,4503
2022-05-05,MARL,12821,1809,87.63,7656,60.6,5134,2640,5016
2022-05-11,MARL,23591,6277,78.98,7590,59.13,5134,2703,4887
2022-05-05,MARL,13498,1132,92.26,6856,60.96,5134,2640,4216
2022-05-11,MARL,24807,5061,83.06,6752,59.44,5134,2703,4049
2022-05-05,MARL,13590,1040,92.89,6567,61.1,5134,2640,3927
2022-05-11,MARL,24771,5097,82.93,6644,59.51,5134,2703,3941
2022-05-05,MARL,13502,1128,92.29,6566,61.11,5134,2640,3926
2022-05-11,MARL,24793,5075,83.01,6443,59.63,5134,2703,3740
2022-05-05,MARL,13864,766,94.76,6175,61.3,5134,2640,3535
2022-05-11,MARL,25514,4354,85.42,6189,59.66,5134,2703,3486
2022-05-05,MARL,13706,924,93.68,6402,61.19,5134,2640,3762
2022-05-11,MARL,25212,4656,84.41,6309,59.63,5134,2703,3606
2022-05-05,MARL,12581,2049,85.99,7682,60.61,5134,2640,5042
2022-05-11,MARL,22516,7352,75.39,7676,59.23,5134,2703,4973
2022-05-05,MARL,13849,781,94.66,6054,61.36,5134,2640,3414
2022-05-11,MARL,25350,4518,84.87,6060,59.77,5134,2703,3357
2022-05-05,MARL,12457,2173,85.15,7690,60.62,5134,2640,5050
2022-05-11,MARL,22262,7606,74.53,7669,59.26,5134,2703,4966
2022-05-05,MARL,13834,796,94.56,5941,61.43,5134,2640,3301
2022-05-11,MARL,25264,4604,84.59,5987,59.81,5134,2703,3284
2022-05-05,MARL,13196,1434,90.2,7415,60.68,5134,2640,4775
2022-05-11,MARL,23998,5870,80.35,7387,59.19,5134,2703,4684
2022-05-05,MARL,13104,1526,89.57,7506,60.64,5134,2640,4866
2022-05-11,MARL,23845,6023,79.83,7341,59.24,5134,2703,4638
2022-05-05,MARL,12949,1681,88.51,7573,60.62,5134,2640,4933
2022-05-11,MARL,23900,5968,80.02,7470,59.15,5134,2703,4767
2022-05-05,MARL,13256,1374,90.61,7194,60.8,5134,2640,4554
2022-05-11,MARL,24436,5432,81.81,7114,59.29,5134,2703,4411
2022-05-05,MARL,13338,1292,91.17,7060,60.86,5134,2640,4420
2022-05-11,MARL,24545,5323,82.18,6929,59.38,5134,2703,4226
2022-05-05,MARL,13389,1241,91.52,6999,60.89,5134,2640,4359
2022-05-11,MARL,24547,5321,82.18,6962,59.37,5134,2703,4259
2022-05-05,MARL,13527,1103,92.46,6730,61.02,5134,2640,4090
2022-05-11,MARL,24550,5318,82.19,6813,59.45,5134,2703,4110
2022-05-05,MARL,12695,1935,86.77,7640,60.62,5134,2640,5000
2022-05-11,MARL,23200,6668,77.68,7633,59.16,5134,2703,4930
2022-05-05,MARL,12824,1806,87.66,7557,60.65,5134,2640,4917
2022-05-11,MARL,24232,5636,81.13,7154,59.32,5134,2703,4451
2022-05-05,MARL,12715,1915,86.91,7670,60.6,5134,2640,5030
2022-05-11,MARL,22802,7066,76.34,7689,59.17,5134,2703,4986
2022-05-05,MARL,12568,2062,85.91,7682,60.62,5134,2640,5042
2022-05-11,MARL,23242,6626,77.82,7583,59.18,5134,2703,4880
2022-05-05,MARL,13440,1190,91.87,6965,60.9,5134,2640,4325
2022-05-11,MARL,24652,5216,82.54,6668,59.52,5134,2703,3965
2022-05-05,MARL,13710,920,93.71,6245,61.27,5134,2640,3605
2022-05-11,MARL,25236,4632,84.49,6307,59.63,5134,2703,3604
2022-05-05,MARL,13870,760,94.81,5726,61.54,5134,2640,3086
2022-05-11,MARL,25604,4264,85.72,5906,59.82,5134,2703,3203
2022-05-05,MARL,13783,847,94.21,6038,61.37,5134,2640,3398
2022-05-11,MARL,25286,4582,84.66,6090,59.75,5134,2703,3387
2022-05-05,MARL,13792,838,94.27,6036,61.39,5134,2640,3396
2022-05-11,MARL,25335,4533,84.82,5875,59.87,5134,2703,3172
2022-05-05,MARL,12874,1756,88.0,7602,60.61,5134,2640,4962
2022-05-11,MARL,22704,7164,76.01,7590,59.25,5134,2703,4887
2022-05-05,MARL,12738,1892,87.07,7539,60.68,5134,2640,4899
2022-05-11,MARL,21627,8241,72.41,7699,59.33,5134,2703,4996
2022-05-05,MARL,13853,777,94.69,5561,61.64,5134,2640,2921
2022-05-11,MARL,25430,4438,85.14,5622,59.99,5134,2703,2919
2022-05-05,MARL,13616,1014,93.07,6199,61.3,5134,2640,3559
2022-05-11,MARL,24730,5138,82.8,6358,59.68,5134,2703,3655
2022-05-05,MARL,14097,533,96.36,4844,62.01,5134,2640,2204
2022-05-11,MARL,26004,3864,87.06,4814,60.39,5134,2703,2111
2022-05-05,MARL,12097,2533,82.69,7666,60.7,5134,2640,5026
2022-05-11,MARL,21707,8161,72.68,7671,59.33,5134,2703,4968
2022-05-05,MARL,13981,649,95.56,4641,62.14,5134,2640,2001
2022-05-11,MARL,25762,4106,86.25,4890,60.38,5134,2703,2187
2022-05-05,MARL,13901,729,95.02,5571,61.63,5134,2640,2931
2022-05-11,MARL,25396,4472,85.03,5553,60.06,5134,2703,2850
2022-05-05,MARL,13995,635,95.66,4958,61.96,5134,2640,2318
2022-05-11,MARL,25630,4238,85.81,4967,60.33,5134,2703,2264
2022-05-05,MARL,13910,720,95.08,4963,61.97,5134,2640,2323
2022-05-11,MARL,25522,4346,85.45,5017,60.33,5134,2703,2314
2022-05-05,MARL,13929,701,95.21,5093,61.9,5134,2640,2453
2022-05-11,MARL,25431,4437,85.14,5044,60.32,5134,2703,2341
2022-05-05,MARL,13893,737,94.96,4926,61.99,5134,2640,2286
2022-05-11,MARL,25489,4379,85.34,4979,60.36,5134,2703,2276
2022-05-05,MARL,14060,570,96.1,4233,62.35,5134,2640,1593
2022-05-11,MARL,26173,3695,87.63,4128,60.74,5134,2703,1425
2022-05-05,MARL,13953,677,95.37,4887,62.0,5134,2640,2247
2022-05-11,MARL,25457,4411,85.23,4976,60.36,5134,2703,2273
2022-05-05,MARL,13969,661,95.48,4926,61.98,5134,2640,2286
2022-05-11,MARL,25717,4151,86.1,5002,60.32,5134,2703,2299
2022-05-05,MARL,13884,746,94.9,5013,61.94,5134,2640,2373
2022-05-11,MARL,25455,4413,85.22,5155,60.27,5134,2703,2452
2022-05-05,MARL,13981,649,95.56,4936,61.97,5134,2640,2296
2022-05-11,MARL,25534,4334,85.49,4820,60.42,5134,2703,2117
2022-05-05,MARL,13685,945,93.54,5286,61.81,5134,2640,2646
2022-05-11,MARL,23200,6668,77.68,6495,59.8,5134,2703,3792
2022-05-05,MARL,13939,691,95.28,4962,61.96,5134,2640,2322
2022-05-11,MARL,25480,4388,85.31,4993,60.34,5134,2703,2290
2022-05-05,MARL,13896,734,94.98,4954,61.98,5134,2640,2314
2022-05-11,MARL,25482,4386,85.32,5078,60.29,5134,2703,2375
2022-05-05,MARL,13777,853,94.17,5511,61.68,5134,2640,2871
2022-05-11,MARL,25064,4804,83.92,5644,60.03,5134,2703,2941
2022-05-05,MARL,13912,718,95.09,4990,61.95,5134,2640,2350
2022-05-11,MARL,25487,4381,85.33,5193,60.23,5134,2703,2490
2022-05-05,MARL,13770,860,94.12,5504,61.69,5134,2640,2864
2022-05-11,MARL,25170,4698,84.27,5625,60.04,5134,2703,2922
2022-05-05,MARL,13916,714,95.12,5050,61.92,5134,2640,2410
2022-05-11,MARL,25510,4358,85.41,5075,60.3,5134,2703,2372
2022-05-05,MARL,13856,774,94.71,5397,61.73,5134,2640,2757
2022-05-11,MARL,25612,4256,85.75,5460,60.07,5134,2703,2757
2022-05-05,MARL,13888,742,94.93,4947,61.98,5134,2640,2307
2022-05-11,MARL,25725,4143,86.13,5039,60.3,5134,2703,2336
2022-05-05,MARL,13987,643,95.6,4910,61.99,5134,2640,2270
2022-05-11,MARL,25798,4070,86.37,4565,60.55,5134,2703,1862
2022-05-05,MARL,13902,728,95.02,4991,61.96,5134,2640,2351
2022-05-11,MARL,25502,4366,85.38,5060,60.3,5134,2703,2357
2022-05-05,MARL,13780,850,94.19,5505,61.68,5134,2640,2865
2022-05-11,MARL,25176,4692,84.29,5609,60.04,5134,2703,2906
2022-05-05,MARL,13955,675,95.39,4914,62.0,5134,2640,2274
2022-05-11,MARL,25521,4347,85.45,5056,60.3,5134,2703,2353
2022-05-05,MARL,13698,932,93.63,5700,61.58,5134,2640,3060
2022-05-11,MARL,24380,5488,81.63,6023,59.91,5134,2703,3320
2022-05-05,MARL,13938,692,95.27,4928,61.98,5134,2640,2288
2022-05-11,MARL,25575,4293,85.63,5110,60.27,5134,2703,2407
2022-05-05,MARL,13944,686,95.31,4965,61.97,5134,2640,2325
2022-05-11,MARL,25659,4209,85.91,4971,60.33,5134,2703,2268
2022-05-05,MARL,13931,699,95.22,4928,61.99,5134,2640,2288
2022-05-11,MARL,25552,4316,85.55,5078,60.29,5134,2703,2375
2022-05-05,MARL,13060,1570,89.27,7402,60.7,5134,2640,4762
2022-05-11,MARL,23877,5991,79.94,7402,59.19,5134,2703,4699
2022-05-05,MARL,13174,1456,90.05,7345,60.72,5134,2640,4705
2022-05-11,MARL,24188,5680,80.98,7299,59.22,5134,2703,4596
2022-05-05,MARL,13259,1371,90.63,7291,60.75,5134,2640,4651
2022-05-11,MARL,24181,5687,80.96,7265,59.24,5134,2703,4562
2022-05-05,MARL,13304,1326,90.94,7172,60.8,5134,2640,4532
2022-05-11,MARL,24301,5567,81.36,7114,59.31,5134,2703,4411
2022-05-05,MARL,13256,1374,90.61,7022,60.88,5134,2640,4382
2022-05-11,MARL,24121,5747,80.76,6987,59.4,5134,2703,4284
2022-05-05,MARL,12877,1753,88.02,7621,60.61,5134,2640,4981
2022-05-11,MARL,23615,6253,79.06,7578,59.13,5134,2703,4875
2022-05-05,MARL,13438,1192,91.85,6893,60.94,5134,2640,4253
2022-05-11,MARL,24684,5184,82.64,6814,59.44,5134,2703,4111
2022-05-05,MARL,13344,1286,91.21,6865,60.98,5134,2640,4225
2022-05-11,MARL,24189,5679,80.99,7076,59.33,5134,2703,4373
2022-05-05,MARL,13510,1120,92.34,6817,60.98,5134,2640,4177
2022-05-11,MARL,24736,5132,82.82,6738,59.47,5134,2703,4035
2022-05-05,MARL,13700,930,93.64,6309,61.24,5134,2640,3669
2022-05-11,MARL,24837,5031,83.16,6468,59.6,5134,2703,3765
2022-05-05,MARL,13637,993,93.21,6523,61.12,5134,2640,3883
2022-05-11,MARL,24986,4882,83.65,6669,59.48,5134,2703,3966
2022-05-05,MARL,12877,1753,88.02,7616,60.61,5134,2640,4976
2022-05-11,MARL,23263,6605,77.89,7590,59.18,5134,2703,4887
2022-05-05,MARL,13778,852,94.18,6252,61.26,5134,2640,3612
2022-05-11,MARL,25051,4817,83.87,6484,59.55,5134,2703,3781
2022-05-05,MARL,12728,1902,87.0,7666,60.61,5134,2640,5026
2022-05-11,MARL,22705,7163,76.02,7652,59.23,5134,2703,4949
2022-05-05,MARL,13830,800,94.53,6112,61.33,5134,2640,3472
2022-05-11,MARL,25346,4522,84.86,6053,59.76,5134,2703,3350
2022-05-05,MARL,13856,774,94.71,6003,61.39,5134,2640,3363
2022-05-11,MARL,25574,4294,85.62,5969,59.79,5134,2703,3266
2022-05-05,MARL,13865,765,94.77,5752,61.53,5134,2640,3112
2022-05-11,MARL,25220,4648,84.44,5810,59.93,5134,2703,3107
2022-05-05,MARL,13749,881,93.98,5881,61.48,5134,2640,3241
2022-05-11,MARL,25059,4809,83.9,5906,59.88,5134,2703,3203
2022-05-05,MARL,13816,814,94.44,5600,61.62,5134,2640,2960
2022-05-11,MARL,25461,4407,85.25,5557,60.03,5134,2703,2854
2022-05-05,MARL,13728,902,93.83,5998,61.41,5134,2640,3358
2022-05-11,MARL,25057,4811,83.89,5999,59.83,5134,2703,3296
2022-05-05,MARL,13824,806,94.49,5769,61.54,5134,2640,3129
2022-05-11,MARL,25355,4513,84.89,5838,59.89,5134,2703,3135
2022-05-05,MARL,13653,977,93.32,5916,61.46,5134,2640,3276
2022-05-11,MARL,24433,5435,81.8,6088,59.86,5134,2703,3385
2022-05-05,MARL,13953,677,95.37,5221,61.81,5134,2640,2581
2022-05-11,MARL,25507,4361,85.4,5168,60.24,5134,2703,2465
2022-05-05,MARL,13886,744,94.91,5152,61.86,5134,2640,2512
2022-05-11,MARL,25005,4863,83.72,5698,60.01,5134,2703,2995
2022-05-05,MARL,13939,691,95.28,5155,61.86,5134,2640,2515
2022-05-11,MARL,25397,4471,85.03,5130,60.27,5134,2703,2427
2022-05-05,MARL,14022,608,95.84,4849,62.01,5134,2640,2209
2022-05-11,MARL,25417,4451,85.1,5117,60.28,5134,2703,2414
2022-05-05,MARL,13967,663,95.47,4831,62.04,5134,2640,2191
2022-05-11,MARL,25695,4173,86.03,4916,60.36,5134,2703,2213
2022-05-05,MARL,13882,748,94.89,5035,61.93,5134,2640,2395
2022-05-11,MARL,25509,4359,85.41,5003,60.34,5134,2703,2300
2022-05-05,MARL,13905,725,95.04,5017,61.94,5134,2640,2377
2022-05-11,MARL,25594,4274,85.69,4989,60.34,5134,2703,2286
2022-05-05,MARL,13784,846,94.22,5651,61.6,5134,2640,3011
2022-05-11,MARL,25248,4620,84.53,5531,60.08,5134,2703,2828
2022-05-05,MARL,13811,819,94.4,5420,61.73,5134,2640,2780
2022-05-11,MARL,25285,4583,84.66,5360,60.16,5134,2703,2657
2022-05-05,MARL,13814,816,94.42,5528,61.67,5134,2640,2888
2022-05-11,MARL,25107,4761,84.06,5713,59.99,5134,2703,3010
2022-05-05,MARL,13970,660,95.49,4980,61.95,5134,2640,2340
2022-05-11,MARL,25515,4353,85.43,5118,60.27,5134,2703,2415
2022-05-05,MARL,13918,712,95.13,4977,61.96,5134,2640,2337
2022-05-11,MARL,25712,4156,86.09,4956,60.32,5134,2703,2253
2022-05-05,MARL,13964,666,95.45,5006,61.93,5134,2640,2366
2022-05-11,MARL,25581,4287,85.65,4997,60.33,5134,2703,2294
2022-05-05,MARL,13883,747,94.89,4978,61.96,5134,2640,2338
2022-05-11,MARL,25566,4302,85.6,5146,60.25,5134,2703,2443
2022-05-05,MARL,13927,703,95.19,4931,61.99,5134,2640,2291
2022-05-11,MARL,25472,4396,85.28,4997,60.34,5134,2703,2294
2022-05-05,MARL,13937,693,95.26,4907,62.0,5134,2640,2267
2022-05-11,MARL,25491,4377,85.35,4968,60.36,5134,2703,2265
2022-05-05,MARL,13882,748,94.89,4773,62.08,5134,2640,2133
2022-05-11,MARL,25389,4479,85.0,4998,60.34,5134,2703,2295
2022-05-05,MARL,13936,694,95.26,5025,61.93,5134,2640,2385
2022-05-11,MARL,25420,4448,85.11,4940,60.39,5134,2703,2237
2022-05-05,MARL,13787,843,94.24,5553,61.66,5134,2640,2913
2022-05-11,MARL,25099,4769,84.03,5478,60.12,5134,2703,2775
2022-05-05,MARL,13694,936,93.6,5769,61.55,5134,2640,3129
2022-05-11,MARL,25174,4694,84.28,5775,59.95,5134,2703,3072
2022-05-05,MARL,13776,854,94.16,5483,61.7,5134,2640,2843
2022-05-11,MARL,25222,4646,84.44,5528,60.08,5134,2703,2825
2022-05-05,MARL,13918,712,95.13,5013,61.94,5134,2640,2373
2022-05-11,MARL,25542,4326,85.52,4951,60.35,5134,2703,2248
2022-05-05,MARL,13914,716,95.11,4938,61.98,5134,2640,2298
2022-05-11,MARL,25498,4370,85.37,4869,60.41,5134,2703,2166
2022-05-05,MARL,13943,687,95.3,5025,61.93,5134,2640,2385
2022-05-11,MARL,25569,4299,85.61,4881,60.4,5134,2703,2178
2022-05-05,MARL,13956,674,95.39,4988,61.95,5134,2640,2348
2022-05-11,MARL,25467,4401,85.27,4961,60.37,5134,2703,2258
2022-05-05,MARL,13919,711,95.14,4869,62.02,5134,2640,2229
2022-05-11,MARL,25594,4274,85.69,4929,60.36,5134,2703,2226
2022-05-05,MARL,13900,730,95.01,4937,61.99,5134,2640,2297
2022-05-11,MARL,25581,4287,85.65,5010,60.33,5134,2703,2307
2022-05-05,MARL,13955,675,95.39,4964,61.96,5134,2640,2324
2022-05-11,MARL,25555,4313,85.56,5146,60.25,5134,2703,2443
2022-05-05,MARL,13050,1580,89.2,7400,60.71,5134,2640,4760
2022-05-11,MARL,24253,5615,81.2,7302,59.21,5134,2703,4599
2022-05-05,MARL,13139,1491,89.81,7351,60.73,5134,2640,4711
2022-05-11,MARL,24308,5560,81.38,7257,59.23,5134,2703,4554
2022-05-05,MARL,13170,1460,90.02,7243,60.78,5134,2640,4603
2022-05-11,MARL,24497,5371,82.02,7194,59.23,5134,2703,4491
2022-05-05,MARL,13343,1287,91.2,7165,60.8,5134,2640,4525
2022-05-11,MARL,24326,5542,81.45,7076,59.32,5134,2703,4373
2022-05-05,MARL,13490,1140,92.21,7113,60.81,5134,2640,4473
2022-05-11,MARL,24635,5233,82.48,7012,59.34,5134,2703,4309
2022-05-05,MARL,12894,1736,88.13,7618,60.62,5134,2640,4978
2022-05-11,MARL,23608,6260,79.04,7593,59.14,5134,2703,4890
2022-05-05,MARL,13382,1248,91.47,6962,60.91,5134,2640,4322
2022-05-11,MARL,24621,5247,82.43,6892,59.4,5134,2703,4189
2022-05-05,MARL,13573,1057,92.78,6834,60.95,5134,2640,4194
2022-05-11,MARL,24648,5220,82.52,6863,59.41,5134,2703,4160
2022-05-05,MARL,13641,989,93.24,6540,61.11,5134,2640,3900
2022-05-11,MARL,24922,4946,83.44,6620,59.51,5134,2703,3917
2022-05-05,MARL,12423,2207,84.91,7690,60.64,5134,2640,5050
2022-05-11,MARL,22894,6974,76.65,7661,59.17,5134,2703,4958
2022-05-05,MARL,12804,1826,87.52,7553,60.66,5134,2640,4913
2022-05-11,MARL,23434,6434,78.46,7431,59.25,5134,2703,4728
2022-05-05,MARL,13778,852,94.18,6109,61.34,5134,2640,3469
2022-05-11,MARL,25502,4366,85.38,6126,59.69,5134,2703,3423
2022-05-05,MARL,13628,1002,93.15,6349,61.23,5134,2640,3709
2022-05-11,MARL,25132,4736,84.14,6226,59.7,5134,2703,3523
2022-05-05,MARL,12423,2207,84.91,7692,60.63,5134,2640,5052
2022-05-11,MARL,22426,7442,75.08,7674,59.25,5134,2703,4971
2022-05-05,MARL,13791,839,94.27,6009,61.4,5134,2640,3369
2022-05-11,MARL,25368,4500,84.93,6047,59.76,5134,2703,3344
2022-05-05,MARL,14024,606,95.86,5559,61.61,5134,2640,2919
2022-05-11,MARL,25693,4175,86.02,5845,59.84,5134,2703,3142
2022-05-05,MARL,13856,774,94.71,5776,61.52,5134,2640,3136
2022-05-11,MARL,25436,4432,85.16,5836,59.88,5134,2703,3133
2022-05-05,MARL,13933,697,95.24,5405,61.72,5134,2640,2765
2022-05-11,MARL,25343,4525,84.85,5727,59.94,5134,2703,3024
2022-05-05,MARL,13303,1327,90.93,6820,61.0,5134,2640,4180
2022-05-11,MARL,24181,5687,80.96,6841,59.48,5134,2703,4138
2022-05-05,MARL,13817,813,94.44,5852,61.48,5134,2640,3212
2022-05-11,MARL,25244,4624,84.52,5804,59.9,5134,2703,3101
2022-05-05,MARL,13737,893,93.9,5715,61.56,5134,2640,3075
2022-05-11,MARL,25167,4701,84.26,5878,59.89,5134,2703,3175
2022-05-05,MARL,12723,1907,86.97,7538,60.68,5134,2640,4898
2022-05-11,MARL,21543,8325,72.13,7578,59.39,5134,2703,4875
2022-05-05,MARL,13952,678,95.37,5116,61.88,5134,2640,2476
2022-05-11,MARL,25775,4093,86.3,5151,60.22,5134,2703,2448
2022-05-05,MARL,13808,822,94.38,5465,61.7,5134,2640,2825
2022-05-11,MARL,25253,4615,84.55,5573,60.05,5134,2703,2870
2022-05-05,MARL,13993,637,95.65,5047,61.91,5134,2640,2407
2022-05-11,MARL,25511,4357,85.41,5072,60.3,5134,2703,2369
2022-05-05,MARL,13990,640,95.63,4981,61.95,5134,2640,2341
2022-05-11,MARL,25534,4334,85.49,4826,60.43,5134,2703,2123
2022-05-05,MARL,13490,1140,92.21,6091,61.4,5134,2640,3451
2022-05-11,MARL,24382,5486,81.63,6254,59.79,5134,2703,3551
2022-05-05,MARL,13940,690,95.28,4922,61.99,5134,2640,2282
2022-05-11,MARL,25526,4342,85.46,4887,60.4,5134,2703,2184
2022-05-05,MARL,13801,829,94.33,5127,61.89,5134,2640,2487
2022-05-11,MARL,25216,4652,84.42,5273,60.23,5134,2703,2570
2022-05-05,MARL,13918,712,95.13,4989,61.95,5134,2640,2349
2022-05-11,MARL,25547,4321,85.53,4859,60.41,5134,2703,2156
2022-05-05,MARL,14017,613,95.81,4931,61.98,5134,2640,2291
2022-05-11,MARL,25479,4389,85.31,5063,60.31,5134,2703,2360
2022-05-05,MARL,13976,654,95.53,4789,62.06,5134,2640,2149
2022-05-11,MARL,25409,4459,85.07,5124,60.28,5134,2703,2421
2022-05-05,MARL,13954,676,95.38,4806,62.06,5134,2640,2166
2022-05-11,MARL,25657,4211,85.9,4973,60.33,5134,2703,2270
2022-05-05,MARL,13988,642,95.61,4865,62.01,5134,2640,2225
2022-05-11,MARL,25550,4318,85.54,4935,60.37,5134,2703,2232
2022-05-05,MARL,13966,664,95.46,4880,62.01,5134,2640,2240
2022-05-11,MARL,25410,4458,85.07,5013,60.33,5134,2703,2310
2022-05-05,MARL,13928,702,95.2,4825,62.04,5134,2640,2185
2022-05-11,MARL,25473,4395,85.29,5001,60.34,5134,2703,2298
2022-05-05,MARL,13941,689,95.29,4930,61.98,5134,2640,2290
2022-05-11,MARL,25456,4412,85.23,4953,60.37,5134,2703,2250
2022-05-05,MARL,13783,847,94.21,5538,61.66,5134,2640,2898
2022-05-11,MARL,25082,4786,83.98,5614,60.06,5134,2703,2911
2022-05-05,MARL,14002,628,95.71,4895,61.99,5134,2640,2255
2022-05-11,MARL,25668,4200,85.94,4874,60.39,5134,2703,2171
2022-05-05,MARL,13784,846,94.22,5428,61.72,5134,2640,2788
2022-05-11,MARL,25127,4741,84.13,5623,60.03,5134,2703,2920
2022-05-05,MARL,13928,702,95.2,4915,61.99,5134,2640,2275
2022-05-11,MARL,25382,4486,84.98,4876,60.42,5134,2703,2173
2022-05-05,MARL,13829,801,94.52,5490,61.69,5134,2640,2850
2022-05-11,MARL,25158,4710,84.23,5628,60.04,5134,2703,2925
2022-05-05,MARL,13904,726,95.04,4828,62.05,5134,2640,2188
2022-05-11,MARL,25479,4389,85.31,4877,60.41,5134,2703,2174
2022-05-05,MARL,13945,685,95.32,4921,61.99,5134,2640,2281
2022-05-11,MARL,25588,4280,85.67,4911,60.37,5134,2703,2208
2022-05-05,MARL,13940,690,95.28,4932,61.98,5134,2640,2292
2022-05-11,MARL,25429,4439,85.14,5004,60.33,5134,2703,2301
2022-05-05,MARL,13921,709,95.15,4994,61.95,5134,2640,2354
2022-05-11,MARL,25457,4411,85.23,4996,60.34,5134,2703,2293
2022-05-05,MARL,13930,700,95.22,4842,62.04,5134,2640,2202
2022-05-11,MARL,25511,4357,85.41,4902,60.38,5134,2703,2199
2022-05-05,MARL,13948,682,95.34,4998,61.95,5134,2640,2358
2022-05-11,MARL,25421,4447,85.11,5156,60.27,5134,2703,2453
2022-05-05,MARL,13956,674,95.39,4949,61.97,5134,2640,2309
2022-05-11,MARL,25420,4448,85.11,5019,60.33,5134,2703,2316
2022-05-05,MARL,13835,795,94.57,5178,61.86,5134,2640,2538
2022-05-11,MARL,25476,4392,85.3,5309,60.17,5134,2703,2606
2022-05-05,MARL,13112,1518,89.62,7459,60.68,5134,2640,4819
2022-05-11,MARL,24223,5645,81.1,7252,59.24,5134,2703,4549
2022-05-05,MARL,13231,1399,90.44,7453,60.66,5134,2640,4813
2022-05-11,MARL,23918,5950,80.08,7382,59.19,5134,2703,4679
2022-05-05,MARL,12963,1667,88.61,7548,60.64,5134,2640,4908
2022-05-11,MARL,23863,6005,79.89,7485,59.14,5134,2703,4782
2022-05-05,MARL,12887,1743,88.09,7588,60.63,5134,2640,4948
2022-05-11,MARL,23683,6185,79.29,7472,59.2,5134,2703,4769
2022-05-05,MARL,13355,1275,91.29,7144,60.82,5134,2640,4504
2022-05-11,MARL,24756,5112,82.88,7002,59.32,5134,2703,4299
2022-05-05,MARL,13389,1241,91.52,6943,60.92,5134,2640,4303
2022-05-11,MARL,24519,5349,82.09,7028,59.34,5134,2703,4325
2022-05-05,MARL,13574,1056,92.78,6871,60.93,5134,2640,4231
2022-05-11,MARL,24741,5127,82.83,6758,59.45,5134,2703,4055
2022-05-05,MARL,13372,1258,91.4,6962,60.91,5134,2640,4322
2022-05-11,MARL,24307,5561,81.38,6963,59.38,5134,2703,4260
2022-05-05,MARL,13444,1186,91.89,6770,61.01,5134,2640,4130
2022-05-11,MARL,24538,5330,82.15,6758,59.48,5134,2703,4055
2022-05-05,MARL,13626,1004,93.14,6601,61.08,5134,2640,3961
2022-05-11,MARL,25030,4838,83.8,6432,59.6,5134,2703,3729
2022-05-05,MARL,13640,990,93.23,6493,61.14,5134,2640,3853
2022-05-11,MARL,25234,4634,84.49,6440,59.56,5134,2703,3737
2022-05-05,MARL,12690,1940,86.74,7687,60.6,5134,2640,5047
2022-05-11,MARL,22604,7264,75.68,7666,59.22,5134,2703,4963
2022-05-05,MARL,13892,738,94.96,6048,61.37,5134,2640,3408
2022-05-11,MARL,25564,4304,85.59,6072,59.72,5134,2703,3369
2022-05-05,MARL,13857,773,94.72,5935,61.43,5134,2640,3295
2022-05-11,MARL,25542,4326,85.52,5923,59.81,5134,2703,3220
2022-05-05,MARL,13425,1205,91.76,6673,61.08,5134,2640,4033
2022-05-11,MARL,23916,5952,80.07,7051,59.38,5134,2703,4348
2022-05-05,MARL,13743,887,93.94,5941,61.44,5134,2640,3301
2022-05-11,MARL,25102,4766,84.04,6108,59.77,5134,2703,3405
2022-05-05,MARL,13883,747,94.89,5891,61.45,5134,2640,3251
2022-05-11,MARL,25321,4547,84.78,6059,59.76,5134,2703,3356
2022-05-05,MARL,13691,939,93.58,6014,61.41,5134,2640,3374
2022-05-11,MARL,24957,4911,83.56,6155,59.75,5134,2703,3452
2022-05-05,MARL,13831,799,94.54,5571,61.63,5134,2640,2931
2022-05-11,MARL,25473,4395,85.29,5574,60.02,5134,2703,2871
2022-05-05,MARL,13939,691,95.28,5472,61.68,5134,2640,2832
2022-05-11,MARL,25338,4530,84.83,5476,60.09,5134,2703,2773
2022-05-05,MARL,13942,688,95.3,5286,61.78,5134,2640,2646
2022-05-11,MARL,25638,4230,85.84,5464,60.07,5134,2703,2761
2022-05-05,MARL,13938,692,95.27,5225,61.82,5134,2640,2585
2022-05-11,MARL,25490,4378,85.34,5414,60.11,5134,2703,2711
2022-05-05,MARL,14106,524,96.42,4471,62.22,5134,2640,1831
2022-05-11,MARL,26059,3809,87.25,4640,60.47,5134,2703,1937
2022-05-05,MARL,14093,537,96.33,4264,62.34,5134,2640,1624
2022-05-11,MARL,26158,3710,87.58,4376,60.6,5134,2703,1673
2022-05-05,MARL,13892,738,94.96,5043,61.93,5134,2640,2403
2022-05-11,MARL,25230,4638,84.47,5262,60.22,5134,2703,2559
2022-05-05,MARL,13253,1377,90.59,6291,61.31,5134,2640,3651
2022-05-11,MARL,21978,7890,73.58,7439,59.42,5134,2703,4736
2022-05-05,MARL,13705,925,93.68,6079,61.37,5134,2640,3439
2022-05-11,MARL,24968,4900,83.59,6090,59.8,5134,2703,3387
2022-05-05,MARL,14107,523,96.43,4272,62.33,5134,2640,1632
2022-05-11,MARL,26044,3824,87.2,4391,60.61,5134,2703,1688
2022-05-05,MARL,13916,714,95.12,5062,61.92,5134,2640,2422
2022-05-11,MARL,25573,4295,85.62,4998,60.32,5134,2703,2295
2022-05-05,MARL,13908,722,95.06,5038,61.92,5134,2640,2398
2022-05-11,MARL,25603,4265,85.72,4921,60.37,5134,2703,2218
2022-05-05,MARL,13791,839,94.27,5462,61.71,5134,2640,2822
2022-05-11,MARL,25045,4823,83.85,5518,60.11,5134,2703,2815
2022-05-05,MARL,14065,565,96.14,4304,62.32,5134,2640,1664
2022-05-11,MARL,26100,3768,87.38,4312,60.65,5134,2703,1609
2022-05-05,MARL,13946,684,95.32,4999,61.94,5134,2640,2359
2022-05-11,MARL,25579,4289,85.64,5062,60.3,5134,2703,2359
2022-05-05,MARL,13919,711,95.14,4824,62.04,5134,2640,2184
2022-05-11,MARL,25526,4342,85.46,4948,60.37,5134,2703,2245
2022-05-05,MARL,13916,714,95.12,4879,62.02,5134,2640,2239
2022-05-11,MARL,25676,4192,85.96,5004,60.3,5134,2703,2301
2022-05-05,MARL,14091,539,96.32,4245,62.34,5134,2640,1605
2022-05-11,MARL,26022,3846,87.12,4225,60.71,5134,2703,1522
2022-05-05,MARL,13874,756,94.83,4893,62.01,5134,2640,2253
2022-05-11,MARL,25597,4271,85.7,5022,60.31,5134,2703,2319
2022-05-05,MARL,13937,693,95.26,5068,61.9,5134,2640,2428
2022-05-11,MARL,25459,4409,85.24,5273,60.19,5134,2703,2570
2022-05-05,MARL,13902,728,95.02,5018,61.94,5134,2640,2378
2022-05-11,MARL,25484,4384,85.32,4939,60.37,5134,2703,2236
2022-05-05,MARL,13986,644,95.6,5004,61.93,5134,2640,2364
2022-05-11,MARL,25698,4170,86.04,5036,60.29,5134,2703,2333
2022-05-05,MARL,14103,527,96.4,4165,62.39,5134,2640,1525
2022-05-11,MARL,26041,3827,87.19,4365,60.63,5134,2703,1662
2022-05-05,MARL,14116,514,96.49,4130,62.4,5134,2640,1490
2022-05-11,MARL,25978,3890,86.98,4123,60.77,5134,2703,1420
2022-05-05,MARL,14108,522,96.43,4281,62.32,5134,2640,1641
2022-05-11,MARL,26110,3758,87.42,4245,60.68,5134,2703,1542
2022-05-05,MARL,14116,514,96.49,4089,62.43,5134,2640,1449
2022-05-11,MARL,26079,3789,87.31,4111,60.76,5134,2703,1408
2022-05-05,MARL,13948,682,95.34,4937,61.98,5134,2640,2297
2022-05-11,MARL,25478,4390,85.3,5069,60.3,5134,2703,2366
2022-05-05,MARL,14104,526,96.4,4118,62.41,5134,2640,1478
2022-05-11,MARL,26110,3758,87.42,4187,60.72,5134,2703,1484
2022-05-05,MARL,13942,688,95.3,4871,62.01,5134,2640,2231
2022-05-11,MARL,25448,4420,85.2,5048,60.31,5134,2703,2345
2022-05-05,MARL,13760,870,94.05,5509,61.69,5134,2640,2869
2022-05-11,MARL,25209,4659,84.4,5584,60.06,5134,2703,2881
2022-05-05,MARL,13902,728,95.02,4920,61.99,5134,2640,2280
2022-05-11,MARL,25696,4172,86.03,4941,60.35,5134,2703,2238
2022-05-05,MARL,14026,604,95.87,4281,62.34,5134,2640,1641
2022-05-11,MARL,26013,3855,87.09,4302,60.67,5134,2703,1599
2022-05-05,MARL,13088,1542,89.46,7505,45.48,5134,2640,4865
2022-05-11,MARL,23788,6080,79.64,7395,44.41,5134,2703,4692
2022-05-05,MARL,13108,1522,89.6,7393,45.53,5134,2640,4753
2022-05-11,MARL,24069,5799,80.58,7349,44.41,5134,2703,4646
2022-05-05,MARL,13230,1400,90.43,7312,45.56,5134,2640,4672
2022-05-11,MARL,24356,5512,81.55,7271,44.41,5134,2703,4568
2022-05-05,MARL,13455,1175,91.97,7220,45.57,5134,2640,4580
2022-05-11,MARL,24510,5358,82.06,7147,44.44,5134,2703,4444
2022-05-05,MARL,13447,1183,91.91,7120,45.61,5134,2640,4480
2022-05-11,MARL,24506,5362,82.05,7116,44.47,5134,2703,4413
2022-05-05,MARL,13180,1450,90.09,7241,45.59,5134,2640,4601
2022-05-11,MARL,24347,5521,81.52,7016,44.52,5134,2703,4313
2022-05-05,MARL,13445,1185,91.9,6874,45.72,5134,2640,4234
2022-05-11,MARL,24860,5008,83.23,6851,44.54,5134,2703,4148
2022-05-05,MARL,13528,1102,92.47,6890,45.7,5134,2640,4250
2022-05-11,MARL,24602,5266,82.37,6785,44.58,5134,2703,4082
2022-05-05,MARL,13595,1035,92.93,6893,45.69,5134,2640,4253
2022-05-11,MARL,25071,4797,83.94,6686,44.59,5134,2703,3983
2022-05-05,MARL,13552,1078,92.63,6816,45.73,5134,2640,4176
2022-05-11,MARL,24881,4987,83.3,6599,44.64,5134,2703,3896
2022-05-05,MARL,13503,1127,92.3,6804,45.74,5134,2640,4164
2022-05-11,MARL,24754,5114,82.88,6587,44.66,5134,2703,3884
2022-05-05,MARL,12482,2148,85.32,7676,45.47,5134,2640,5036
2022-05-11,MARL,22593,7275,75.64,7715,44.39,5134,2703,5012
2022-05-05,MARL,12483,2147,85.32,7690,45.47,5134,2640,5050
2022-05-11,MARL,22192,7676,74.3,7690,44.44,5134,2703,4987
2022-05-05,MARL,13846,784,94.64,6100,46.01,5134,2640,3460
2022-05-11,MARL,25299,4569,84.7,6204,44.76,5134,2703,3501
2022-05-05,MARL,13899,731,95.0,5944,46.06,5134,2640,3304
2022-05-11,MARL,25752,4116,86.22,5927,44.84,5134,2703,3224
2022-05-05,MARL,13865,765,94.77,6140,45.98,5134,2640,3500
2022-05-11,MARL,25275,4593,84.62,6052,44.83,5134,2703,3349
2022-05-05,MARL,13849,781,94.66,5853,46.11,5134,2640,3213
2022-05-11,MARL,25395,4473,85.02,5894,44.88,5134,2703,3191
2022-05-05,MARL,13872,758,94.82,5813,46.12,5134,2640,3173
2022-05-11,MARL,25398,4470,85.03,5745,44.95,5134,2703,3042
2022-05-05,MARL,13861,769,94.74,5777,46.14,5134,2640,3137
2022-05-11,MARL,25373,4495,84.95,5816,44.92,5134,2703,3113
2022-05-05,MARL,13929,701,95.21,5706,46.16,5134,2640,3066
2022-05-11,MARL,25596,4272,85.7,5656,44.97,5134,2703,2953
2022-05-05,MARL,11974,2656,81.85,7687,45.52,5134,2640,5047
2022-05-11,MARL,20986,8882,70.26,7698,44.57,5134,2703,4995
2022-05-05,MARL,13891,739,94.95,5391,46.3,5134,2640,2751
2022-05-11,MARL,25623,4245,85.79,5525,45.02,5134,2703,2822
2022-05-05,MARL,14082,548,96.25,4693,46.57,5134,2640,2053
2022-05-11,MARL,25990,3878,87.02,4802,45.29,5134,2703,2099
2022-05-05,MARL,14058,572,96.09,4592,46.62,5134,2640,1952
2022-05-11,MARL,25997,3871,87.04,4724,45.32,5134,2703,2021
2022-05-05,MARL,13700,930,93.64,5954,46.08,5134,2640,3314
2022-05-11,MARL,24874,4994,83.28,6155,44.83,5134,2703,3452
2022-05-05,MARL,13965,665,95.45,5177,46.38,5134,2640,2537
2022-05-11,MARL,25666,4202,85.93,5028,45.22,5134,2703,2325
2022-05-05,MARL,13929,701,95.21,5043,46.44,5134,2640,2403
2022-05-11,MARL,25462,4406,85.25,5019,45.24,5134,2703,2316
2022-05-05,MARL,13778,852,94.18,5209,46.39,5134,2640,2569
2022-05-11,MARL,25222,4646,84.44,5383,45.13,5134,2703,2680
2022-05-05,MARL,13928,702,95.2,5030,46.45,5134,2640,2390
2022-05-11,MARL,25428,4440,85.13,5261,45.15,5134,2703,2558
2022-05-05,MARL,13938,692,95.27,5207,46.37,5134,2640,2567
2022-05-11,MARL,25545,4323,85.53,5145,45.19,5134,2703,2442
2022-05-05,MARL,13896,734,94.98,5093,46.42,5134,2640,2453
2022-05-11,MARL,25484,4384,85.32,5139,45.19,5134,2703,2436
2022-05-05,MARL,14104,526,96.4,4360,46.71,5134,2640,1720
2022-05-11,MARL,26083,3785,87.33,4125,45.57,5134,2703,1422
2022-05-05,MARL,13996,634,95.67,5090,46.41,5134,2640,2450
2022-05-11,MARL,25693,4175,86.02,4785,45.33,5134,2703,2082
2022-05-05,MARL,13906,724,95.05,5114,46.41,5134,2640,2474
2022-05-11,MARL,25634,4234,85.82,5153,45.17,5134,2703,2450
2022-05-05,MARL,13891,739,94.95,5128,46.41,5134,2640,2488
2022-05-11,MARL,25541,4327,85.51,5006,45.25,5134,2703,2303
2022-05-05,MARL,13970,660,95.49,5121,46.4,5134,2640,2481
2022-05-11,MARL,25516,4352,85.43,5040,45.23,5134,2703,2337
2022-05-05,MARL,14097,533,96.36,4191,46.78,5134,2640,1551
2022-05-11,MARL,26134,3734,87.5,4306,45.48,5134,2703,1603
2022-05-05,MARL,14102,528,96.39,4291,46.74,5134,2640,1651
2022-05-11,MARL,26132,3736,87.49,4247,45.51,5134,2703,1544
2022-05-05,MARL,13904,726,95.04,5136,46.4,5134,2640,2496
2022-05-11,MARL,25452,4416,85.21,5110,45.21,5134,2703,2407
2022-05-05,MARL,13957,673,95.4,5048,46.43,5134,2640,2408
2022-05-11,MARL,25479,4389,85.31,5013,45.25,5134,2703,2310
2022-05-05,MARL,13885,745,94.91,5026,46.45,5134,2640,2386
2022-05-11,MARL,25439,4429,85.17,5200,45.17,5134,2703,2497
2022-05-05,MARL,13871,759,94.81,4997,46.47,5134,2640,2357
2022-05-11,MARL,25550,4318,85.54,5023,45.25,5134,2703,2320
2022-05-05,MARL,14055,575,96.07,4587,46.61,5134,2640,1947
2022-05-11,MARL,25875,3993,86.63,4830,45.28,5134,2703,2127
2022-05-05,MARL,13868,762,94.79,5009,46.46,5134,2640,2369
2022-05-11,MARL,25638,4230,85.84,5163,45.18,5134,2703,2460
2022-05-05,MARL,14064,566,96.13,4957,46.46,5134,2640,2317
2022-05-11,MARL,25952,3916,86.89,4698,45.34,5134,2703,1995
2022-05-05,MARL,14050,580,96.04,4448,46.68,5134,2640,1808
2022-05-11,MARL,26011,3857,87.09,4518,45.41,5134,2703,1815
2022-05-05,MARL,13932,698,95.23,5106,46.42,5134,2640,2466
2022-05-11,MARL,25525,4343,85.46,5052,45.23,5134,2703,2349
2022-05-05,MARL,13988,642,95.61,5102,46.41,5134,2640,2462
2022-05-11,MARL,25538,4330,85.5,4932,45.28,5134,2703,2229
2022-05-05,MARL,13876,754,94.85,5515,46.25,5134,2640,2875
2022-05-11,MARL,25606,4262,85.73,5352,45.1,5134,2703,2649
2022-05-05,MARL,13876,754,94.85,5107,46.42,5134,2640,2467
2022-05-11,MARL,25398,4470,85.03,5147,45.2,5134,2703,2444
2022-05-05,MARL,13982,648,95.57,4922,46.49,5134,2640,2282
2022-05-11,MARL,25438,4430,85.17,5058,45.23,5134,2703,2355
2022-05-05,MARL,14118,512,96.5,4237,46.76,5134,2640,1597
2022-05-11,MARL,26126,3742,87.47,4260,45.5,5134,2703,1557
2022-05-05,MARL,14105,525,96.41,4362,46.71,5134,2640,1722
2022-05-11,MARL,25985,3883,87.0,4485,45.43,5134,2703,1782
2022-05-05,MARL,13980,650,95.56,5043,46.43,5134,2640,2403
2022-05-11,MARL,25664,4204,85.92,5029,45.22,5134,2703,2326
2022-05-05,MARL,13903,727,95.03,4998,46.46,5134,2640,2358
2022-05-11,MARL,25467,4401,85.27,5246,45.15,5134,2703,2543
2022-05-05,MARL,14110,520,96.45,4250,46.75,5134,2640,1610
2022-05-11,MARL,26013,3855,87.09,4141,45.56,5134,2703,1438
2022-05-05,MARL,13886,744,94.91,5056,46.44,5134,2640,2416
2022-05-11,MARL,25389,4479,85.0,5065,45.23,5134,2703,2362
2022-05-05,MARL,13905,725,95.04,5056,46.43,5134,2640,2416
2022-05-11,MARL,25440,4428,85.17,5049,45.24,5134,2703,2346
2022-05-05,MARL,13974,656,95.52,5098,46.41,5134,2640,2458
2022-05-11,MARL,25262,4606,84.58,5156,45.2,5134,2703,2453
2022-05-05,MARL,13767,863,94.1,5653,46.2,5134,2640,3013
2022-05-11,MARL,24971,4897,83.6,5698,45.02,5134,2703,2995
2022-05-05,MARL,13931,699,95.22,4805,46.54,5134,2640,2165
2022-05-11,MARL,25740,4128,86.18,4636,45.38,5134,2703,1933
2022-05-05,MARL,13745,885,93.95,5587,46.23,5134,2640,2947
2022-05-11,MARL,25211,4657,84.41,5665,45.01,5134,2703,2962
2022-05-05,MARL,13930,700,95.22,5115,46.41,5134,2640,2475
2022-05-11,MARL,25554,4314,85.56,5140,45.18,5134,2703,2437
2022-05-05,MARL,13941,689,95.29,4895,46.5,5134,2640,2255
2022-05-11,MARL,25592,4276,85.68,5118,45.19,5134,2703,2415
2022-05-05,MARL,13958,672,95.41,5111,46.41,5134,2640,2471
2022-05-11,MARL,25577,4291,85.63,5169,45.18,5134,2703,2466
2022-05-05,MARL,14101,529,96.38,4250,46.76,5134,2640,1610
2022-05-11,MARL,26024,3844,87.13,4138,45.57,5134,2703,1435
2022-05-05,MARL,14095,535,96.34,4170,46.79,5134,2640,1530
2022-05-11,MARL,26142,3726,87.53,4104,45.57,5134,2703,1401
2022-05-05,MARL,13980,650,95.56,4911,46.49,5134,2640,2271
2022-05-11,MARL,25730,4138,86.15,4905,45.27,5134,2703,2202
2022-05-05,MARL,14077,553,96.22,4157,46.8,5134,2640,1517
2022-05-11,MARL,26053,3815,87.23,4164,45.55,5134,2703,1461
2022-05-05,MARL,14130,500,96.58,4170,46.78,5134,2640,1530
2022-05-11,MARL,25941,3927,86.85,4403,45.46,5134,2703,1700
2022-05-05,MARL,13945,685,95.32,5153,46.39,5134,2640,2513
2022-05-11,MARL,25351,4517,84.88,5040,45.25,5134,2703,2337
2022-05-05,MARL,14020,610,95.83,4975,46.46,5134,2640,2335
2022-05-11,MARL,25779,4089,86.31,5097,45.19,5134,2703,2394
2022-05-05,MARL,13946,684,95.32,5088,46.41,5134,2640,2448
2022-05-11,MARL,25554,4314,85.56,5100,45.21,5134,2703,2397
2022-05-05,MARL,14108,522,96.43,4214,46.77,5134,2640,1574
2022-05-11,MARL,26067,3801,87.27,4297,45.49,5134,2703,1594
2022-05-05,MARL,14129,501,96.58,4142,46.8,5134,2640,1502
2022-05-11,MARL,26220,3648,87.79,4193,45.53,5134,2703,1490
2022-05-05,MARL,14109,521,96.44,4131,46.8,5134,2640,1491
2022-05-11,MARL,26043,3825,87.19,4521,45.4,5134,2703,1818
2022-05-05,MARL,14095,535,96.34,4110,46.82,5134,2640,1470
2022-05-11,MARL,26065,3803,87.27,4333,45.48,5134,2703,1630
2022-05-05,MARL,14118,512,96.5,4115,46.81,5134,2640,1475
2022-05-11,MARL,26169,3699,87.62,4006,45.61,5134,2703,1303
2022-05-05,MARL,14046,584,96.01,4978,46.45,5134,2640,2338
2022-05-11,MARL,25660,4208,85.91,5063,45.2,5134,2703,2360
2022-05-05,MARL,14068,562,96.16,4163,46.8,5134,2640,1523
2022-05-11,MARL,26098,3770,87.38,4011,45.61,5134,2703,1308
2022-05-05,MARL,14131,499,96.59,4175,46.78,5134,2640,1535
2022-05-11,MARL,26066,3802,87.27,4186,45.54,5134,2703,1483
2022-05-05,MARL,14028,602,95.89,4514,46.66,5134,2640,1874
2022-05-11,MARL,25826,4042,86.47,4581,45.39,5134,2703,1878
2022-05-05,MARL,13902,728,95.02,5279,46.35,5134,2640,2639
2022-05-11,MARL,25629,4239,85.81,5179,45.16,5134,2703,2476
2022-05-05,MARL,13962,668,95.43,5176,46.38,5134,2640,2536
2022-05-11,MARL,25691,4177,86.02,5086,45.2,5134,2703,2383
2022-05-05,MARL,14088,542,96.3,4066,46.84,5134,2640,1426
2022-05-11,MARL,26054,3814,87.23,4290,45.5,5134,2703,1587
2022-05-05,MARL,14003,627,95.71,4500,46.66,5134,2640,1860
2022-05-11,MARL,25946,3922,86.87,4695,45.34,5134,2703,1992
2022-05-05,MARL,13984,646,95.58,4803,46.54,5134,2640,2163
2022-05-11,MARL,25875,3993,86.63,4650,45.36,5134,2703,1947
2022-05-05,MARL,14103,527,96.4,4340,46.72,5134,2640,1700
2022-05-11,MARL,26103,3765,87.39,4191,45.53,5134,2703,1488
2022-05-05,MARL,13964,666,95.45,5125,46.4,5134,2640,2485
2022-05-11,MARL,25762,4106,86.25,4887,45.27,5134,2703,2184
2022-05-05,MARL,13936,694,95.26,5004,46.45,5134,2640,2364
2022-05-11,MARL,25497,4371,85.37,5065,45.22,5134,2703,2362
2022-05-05,MARL,14105,525,96.41,4329,46.72,5134,2640,1689
2022-05-11,MARL,26084,3784,87.33,4227,45.52,5134,2703,1524
2022-05-05,MARL,13977,653,95.54,5071,46.42,5134,2640,2431
2022-05-11,MARL,25696,4172,86.03,5021,45.22,5134,2703,2318
2022-05-05,MARL,14102,528,96.39,4279,46.74,5134,2640,1639
2022-05-11,MARL,26225,3643,87.8,4356,45.45,5134,2703,1653
2022-05-05,MARL,14046,584,96.01,4374,46.71,5134,2640,1734
2022-05-11,MARL,26063,3805,87.26,4353,45.47,5134,2703,1650
2022-05-05,MARL,14079,551,96.23,4224,46.77,5134,2640,1584
2022-05-11,MARL,25943,3925,86.86,4300,45.51,5134,2703,1597
2022-05-05,MARL,13924,706,95.17,5090,46.42,5134,2640,2450
2022-05-11,MARL,25520,4348,85.44,5048,45.24,5134,2703,2345
2022-05-05,MARL,14103,527,96.4,4290,46.74,5134,2640,1650
2022-05-11,MARL,26112,3756,87.42,4314,45.48,5134,2703,1611
2022-05-05,MARL,13955,675,95.39,4784,46.55,5134,2640,2144
2022-05-11,MARL,25683,4185,85.99,4930,45.25,5134,2703,2227
2022-05-05,MARL,13939,691,95.28,4969,46.47,5134,2640,2329
2022-05-11,MARL,25670,4198,85.94,5152,45.17,5134,2703,2449
2022-05-05,MARL,13922,708,95.16,5059,46.43,5134,2640,2419
2022-05-11,MARL,25466,4402,85.26,5108,45.21,5134,2703,2405
2022-05-05,MARL,13013,1617,88.95,7563,45.47,5134,2640,4923
2022-05-11,MARL,24092,5776,80.66,7429,44.37,5134,2703,4726
2022-05-05,MARL,13065,1565,89.3,7486,45.49,5134,2640,4846
2022-05-11,MARL,24109,5759,80.72,7480,44.34,5134,2703,4777
2022-05-05,MARL,13183,1447,90.11,7372,45.54,5134,2640,4732
2022-05-11,MARL,24484,5384,81.97,7156,44.45,5134,2703,4453
2022-05-05,MARL,13297,1333,90.89,7313,45.54,5134,2640,4673
2022-05-11,MARL,24420,5448,81.76,7172,44.45,5134,2703,4469
2022-05-05,MARL,13248,1382,90.55,7133,45.62,5134,2640,4493
2022-05-11,MARL,24718,5150,82.76,7198,44.42,5134,2703,4495
2022-05-05,MARL,13408,1222,91.65,7031,45.65,5134,2640,4391
2022-05-11,MARL,24611,5257,82.4,6911,44.53,5134,2703,4208
2022-05-05,MARL,13397,1233,91.57,7028,45.65,5134,2640,4388
2022-05-11,MARL,24548,5320,82.19,6980,44.51,5134,2703,4277
2022-05-05,MARL,12902,1728,88.19,7515,45.5,5134,2640,4875
2022-05-11,MARL,22900,6968,76.67,7579,44.42,5134,2703,4876
2022-05-05,MARL,12838,1792,87.75,7689,45.43,5134,2640,5049
2022-05-11,MARL,22903,6965,76.68,7675,44.39,5134,2703,4972
2022-05-05,MARL,13782,848,94.2,6611,45.79,5134,2640,3971
2022-05-11,MARL,25407,4461,85.06,6500,44.63,5134,2703,3797
2022-05-05,MARL,13225,1405,90.4,7319,45.55,5134,2640,4679
2022-05-11,MARL,23701,6167,79.35,7219,44.49,5134,2703,4516
2022-05-05,MARL,13742,888,93.93,6383,45.9,5134,2640,3743
2022-05-11,MARL,25101,4767,84.04,6440,44.69,5134,2703,3737
2022-05-05,MARL,13709,921,93.7,6464,45.87,5134,2640,3824
2022-05-11,MARL,25004,4864,83.72,6378,44.72,5134,2703,3675
2022-05-05,MARL,13682,948,93.52,6432,45.88,5134,2640,3792
2022-05-11,MARL,25102,4766,84.04,6179,44.8,5134,2703,3476
2022-05-05,MARL,13743,887,93.94,6112,46.01,5134,2640,3472
2022-05-11,MARL,25221,4647,84.44,6168,44.79,5134,2703,3465
2022-05-05,MARL,13983,647,95.58,5808,46.11,5134,2640,3168
2022-05-11,MARL,25884,3984,86.66,5573,44.98,5134,2703,2870
2022-05-05,MARL,13840,790,94.6,6046,46.03,5134,2640,3406
2022-05-11,MARL,25152,4716,84.21,6087,44.83,5134,2703,3384
2022-05-05,MARL,13996,634,95.67,5637,46.18,5134,2640,2997
2022-05-11,MARL,25852,4016,86.55,5286,45.1,5134,2703,2583
2022-05-05,MARL,12390,2240,84.69,7683,45.48,5134,2640,5043
2022-05-11,MARL,21853,8015,73.17,7705,44.48,5134,2703,5002
2022-05-05,MARL,12188,2442,83.31,7695,45.5,5134,2640,5055
2022-05-11,MARL,21452,8416,71.82,7698,44.52,5134,2703,4995
2022-05-05,MARL,13552,1078,92.63,5926,46.1,5134,2640,3286
2022-05-11,MARL,24888,4980,83.33,6189,44.81,5134,2703,3486
2022-05-05,MARL,13897,733,94.99,5453,46.27,5134,2640,2813
2022-05-11,MARL,25546,4322,85.53,5483,45.05,5134,2703,2780
2022-05-05,MARL,13903,727,95.03,5340,46.32,5134,2640,2700
2022-05-11,MARL,25554,4314,85.56,5482,45.04,5134,2703,2779
2022-05-05,MARL,13898,732,95.0,5328,46.32,5134,2640,2688
2022-05-11,MARL,25428,4440,85.13,5317,45.13,5134,2703,2614
2022-05-05,MARL,14085,545,96.27,4330,46.73,5134,2640,1690
2022-05-11,MARL,26020,3848,87.12,4378,45.47,5134,2703,1675
2022-05-05,MARL,14077,553,96.22,4589,46.61,5134,2640,1949
2022-05-11,MARL,26062,3806,87.26,4855,45.26,5134,2703,2152
2022-05-05,MARL,14130,500,96.58,4233,46.76,5134,2640,1593
2022-05-11,MARL,25993,3875,87.03,4165,45.56,5134,2703,1462
2022-05-05,MARL,13827,803,94.51,5525,46.25,5134,2640,2885
2022-05-11,MARL,25617,4251,85.77,5373,45.09,5134,2703,2670
2022-05-05,MARL,13921,709,95.15,5014,46.46,5134,2640,2374
2022-05-11,MARL,25669,4199,85.94,5130,45.18,5134,2703,2427
2022-05-05,MARL,13973,657,95.51,4864,46.51,5134,2640,2224
2022-05-11,MARL,25628,4240,85.8,4947,45.26,5134,2703,2244
2022-05-05,MARL,13898,732,95.0,5414,46.29,5134,2640,2774
2022-05-11,MARL,25550,4318,85.54,5386,45.09,5134,2703,2683
2022-05-05,MARL,13815,815,94.43,5550,46.24,5134,2640,2910
2022-05-11,MARL,25020,4848,83.77,5698,45.01,5134,2703,2995
2022-05-05,MARL,14078,552,96.23,4497,46.66,5134,2640,1857
2022-05-11,MARL,25857,4011,86.57,4560,45.41,5134,2703,1857
2022-05-05,MARL,14103,527,96.4,4374,46.7,5134,2640,1734
2022-05-11,MARL,26163,3705,87.6,4273,45.5,5134,2703,1570
2022-05-05,MARL,14120,510,96.51,4296,46.73,5134,2640,1656
2022-05-11,MARL,26081,3787,87.32,4200,45.53,5134,2703,1497
2022-05-05,MARL,14068,562,96.16,4260,46.76,5134,2640,1620
2022-05-11,MARL,26092,3776,87.36,4374,45.46,5134,2703,1671
2022-05-05,MARL,13971,659,95.5,5095,46.42,5134,2640,2455
2022-05-11,MARL,25782,4086,86.32,5032,45.2,5134,2703,2329
2022-05-05,MARL,14098,532,96.36,4210,46.77,5134,2640,1570
2022-05-11,MARL,25995,3873,87.03,4141,45.57,5134,2703,1438
2022-05-05,MARL,13842,788,94.61,5622,46.21,5134,2640,2982
2022-05-11,MARL,25230,4638,84.47,5631,45.02,5134,2703,2928
2022-05-05,MARL,14006,624,95.73,4972,46.46,5134,2640,2332
2022-05-11,MARL,25618,4250,85.77,5005,45.24,5134,2703,2302
2022-05-05,MARL,14047,583,96.02,4430,46.69,5134,2640,1790
2022-05-11,MARL,26047,3821,87.21,4191,45.54,5134,2703,1488
2022-05-05,MARL,14125,505,96.55,4121,46.8,5134,2640,1481
2022-05-11,MARL,26044,3824,87.2,4394,45.45,5134,2703,1691
2022-05-05,MARL,14089,541,96.3,4139,46.8,5134,2640,1499
2022-05-11,MARL,26085,3783,87.33,4216,45.53,5134,2703,1513
2022-05-05,MARL,14124,506,96.54,4091,46.82,5134,2640,1451
2022-05-11,MARL,25962,3906,86.92,4457,45.43,5134,2703,1754
2022-05-05,MARL,13929,701,95.21,5160,46.39,5134,2640,2520
2022-05-11,MARL,25568,4300,85.6,5216,45.16,5134,2703,2513
2022-05-05,MARL,14107,523,96.43,4203,46.77,5134,2640,1563
2022-05-11,MARL,26125,3743,87.47,4328,45.48,5134,2703,1625
2022-05-05,MARL,14013,617,95.78,5285,46.33,5134,2640,2645
2022-05-11,MARL,25732,4136,86.15,5354,45.09,5134,2703,2651
2022-05-05,MARL,14130,500,96.58,4228,46.76,5134,2640,1588
2022-05-11,MARL,26091,3777,87.35,4081,45.59,5134,2703,1378
2022-05-05,MARL,13909,721,95.07,5101,46.42,5134,2640,2461
2022-05-11,MARL,25456,4412,85.23,5069,45.23,5134,2703,2366
2022-05-05,MARL,14101,529,96.38,4220,46.77,5134,2640,1580
2022-05-11,MARL,26072,3796,87.29,4127,45.56,5134,2703,1424
2022-05-05,MARL,13974,656,95.52,5028,46.44,5134,2640,2388
2022-05-11,MARL,25654,4214,85.89,4979,45.25,5134,2703,2276
2022-05-05,MARL,14105,525,96.41,4324,46.72,5134,2640,1684
2022-05-11,MARL,26082,3786,87.32,4125,45.57,5134,2703,1422
2022-05-05,MARL,13998,632,95.68,4897,46.49,5134,2640,2257
2022-05-11,MARL,25642,4226,85.85,4904,45.27,5134,2703,2201
2022-05-05,MARL,13968,662,95.48,5071,46.42,5134,2640,2431
2022-05-11,MARL,25574,4294,85.62,5264,45.14,5134,2703,2561
2022-05-05,MARL,14075,555,96.21,4104,46.82,5134,2640,1464
2022-05-11,MARL,26037,3831,87.17,4319,45.49,5134,2703,1616
2022-05-05,MARL,13925,705,95.18,5170,46.39,5134,2640,2530
2022-05-11,MARL,25659,4209,85.91,5114,45.19,5134,2703,2411
2022-05-05,MARL,14085,545,96.27,4298,46.74,5134,2640,1658
2022-05-11,MARL,26002,3866,87.06,4454,45.44,5134,2703,1751
2022-05-05,MARL,14005,625,95.73,5019,46.44,5134,2640,2379
2022-05-11,MARL,25606,4262,85.73,5053,45.21,5134,2703,2350
2022-05-05,MARL,14099,531,96.37,4306,46.73,5134,2640,1666
2022-05-11,MARL,26073,3795,87.29,4139,45.56,5134,2703,1436
2022-05-05,MARL,14091,539,96.32,4149,46.8,5134,2640,1509
2022-05-11,MARL,26200,3668,87.72,4352,45.47,5134,2703,1649
2022-05-05,MARL,14118,512,96.5,4196,46.77,5134,2640,1556
2022-05-11,MARL,26162,3706,87.59,4063,45.58,5134,2703,1360
2022-05-05,MARL,14090,540,96.31,4272,46.75,5134,2640,1632
2022-05-11,MARL,25959,3909,86.91,4061,45.6,5134,2703,1358
2022-05-05,MARL,13946,684,95.32,5174,46.38,5134,2640,2534
2022-05-11,MARL,25477,4391,85.3,5095,45.21,5134,2703,2392
2022-05-05,MARL,13957,673,95.4,5034,46.44,5134,2640,2394
2022-05-11,MARL,25695,4173,86.03,5161,45.17,5134,2703,2458
2022-05-05,MARL,13995,635,95.66,4367,46.72,5134,2640,1727
2022-05-11,MARL,26093,3775,87.36,4566,45.38,5134,2703,1863
2022-05-05,MARL,14131,499,96.59,4092,46.81,5134,2640,1452
2022-05-11,MARL,26099,3769,87.38,4174,45.54,5134,2703,1471
2022-05-05,MARL,13914,716,95.11,5037,46.45,5134,2640,2397
2022-05-11,MARL,25627,4241,85.8,5092,45.2,5134,2703,2389
2022-05-05,MARL,13917,713,95.13,5095,46.42,5134,2640,2455
2022-05-11,MARL,25671,4197,85.95,4965,45.25,5134,2703,2262
2022-05-05,MARL,14096,534,96.35,4146,46.8,5134,2640,1506
2022-05-11,MARL,26038,3830,87.18,4292,45.5,5134,2703,1589
2022-05-05,MARL,14080,550,96.24,4103,46.82,5134,2640,1463
2022-05-11,MARL,26058,3810,87.24,4197,45.53,5134,2703,1494
2022-05-05,MARL,13925,705,95.18,5305,46.33,5134,2640,2665
2022-05-11,MARL,25657,4211,85.9,5132,45.18,5134,2703,2429
2022-05-05,MARL,13957,673,95.4,5173,46.38,5134,2640,2533
2022-05-11,MARL,25787,4081,86.34,5199,45.14,5134,2703,2496
2022-05-05,MARL,13984,646,95.58,5080,46.42,5134,2640,2440
2022-05-11,MARL,25440,4428,85.17,5158,45.19,5134,2703,2455
2022-05-05,MARL,14116,514,96.49,4026,46.85,5134,2640,1386
2022-05-11,MARL,26085,3783,87.33,4130,45.56,5134,2703,1427
2022-05-05,MARL,13948,682,95.34,5049,46.43,5134,2640,2409
2022-05-11,MARL,25542,4326,85.52,5102,45.2,5134,2703,2399
2022-05-05,MARL,14116,514,96.49,4125,46.81,5134,2640,1485
2022-05-11,MARL,26222,3646,87.79,4314,45.47,5134,2703,1611
2022-05-05,MARL,14040,590,95.97,4319,46.73,5134,2640,1679
2022-05-11,MARL,26071,3797,87.29,4425,45.44,5134,2703,1722
2022-05-05,MARL,14079,551,96.23,4300,46.74,5134,2640,1660
2022-05-11,MARL,25998,3870,87.04,4272,45.51,5134,2703,1569
2022-05-05,MARL,14052,578,96.05,4516,46.65,5134,2640,1876
2022-05-11,MARL,26003,3865,87.06,4497,45.41,5134,2703,1794
2022-05-05,MARL,13960,670,95.42,5081,46.42,5134,2640,2441
2022-05-11,MARL,25715,4153,86.1,4918,45.26,5134,2703,2215
2022-05-05,MARL,14025,605,95.86,4592,46.62,5134,2640,1952
2022-05-11,MARL,25681,4187,85.98,4739,45.35,5134,2703,2036
2022-05-05,MARL,14121,509,96.52,4181,46.79,5134,2640,1541
2022-05-11,MARL,26150,3718,87.55,4266,45.5,5134,2703,1563
2022-05-05,MARL,13944,686,95.31,5095,46.42,5134,2640,2455
2022-05-11,MARL,25662,4206,85.92,5105,45.2,5134,2703,2402
2022-05-05,MARL,14120,510,96.51,4117,46.81,5134,2640,1477
2022-05-11,MARL,26134,3734,87.5,4258,45.51,5134,2703,1555
2022-05-05,MARL,14068,562,96.16,4132,46.81,5134,2640,1492
2022-05-11,MARL,25971,3897,86.95,4227,45.54,5134,2703,1524
2022-05-05,MARL,14110,520,96.45,4258,46.75,5134,2640,1618
2022-05-11,MARL,25993,3875,87.03,4205,45.54,5134,2703,1502
2022-05-05,MARL,13979,651,95.55,4947,46.47,5134,2640,2307
2022-05-11,MARL,25639,4229,85.84,5151,45.18,5134,2703,2448
2022-05-05,MARL,13983,647,95.58,5029,46.44,5134,2640,2389
2022-05-11,MARL,25644,4224,85.86,5069,45.21,5134,2703,2366
2022-05-05,MARL,14039,591,95.96,4734,46.56,5134,2640,2094
2022-05-11,MARL,26036,3832,87.17,4779,45.3,5134,2703,2076
2022-05-05,MARL,14064,566,96.13,4314,46.73,5134,2640,1674
2022-05-11,MARL,26129,3739,87.48,4389,45.45,5134,2703,1686
2022-05-05,MARL,13952,678,95.37,5410,46.28,5134,2640,2770
2022-05-11,MARL,25322,4546,84.78,5604,45.02,5134,2703,2901
2022-05-05,MARL,14114,516,96.47,4229,46.76,5134,2640,1589
2022-05-11,MARL,26084,3784,87.33,4312,45.49,5134,2703,1609
2022-05-05,MARL,14134,496,96.61,4282,46.74,5134,2640,1642
2022-05-11,MARL,26048,3820,87.21,4288,45.5,5134,2703,1585
2022-05-05,MARL,14122,508,96.53,4162,46.79,5134,2640,1522
2022-05-11,MARL,26096,3772,87.37,4242,45.51,5134,2703,1539
2022-05-05,MARL,14089,541,96.3,4280,46.75,5134,2640,1640
2022-05-11,MARL,26101,3767,87.39,4293,45.49,5134,2703,1590
2022-05-05,MARL,14076,554,96.21,4197,46.79,5134,2640,1557
2022-05-11,MARL,25994,3874,87.03,4285,45.51,5134,2703,1582
2022-05-05,MARL,13999,631,95.69,5043,46.43,5134,2640,2403
2022-05-11,MARL,25529,4339,85.47,5144,45.2,5134,2703,2441
2022-05-05,MARL,14119,511,96.51,4141,46.8,5134,2640,1501
2022-05-11,MARL,26060,3808,87.25,4315,45.49,5134,2703,1612
2022-05-05,MARL,13993,637,95.65,4991,46.45,5134,2640,2351
2022-05-11,MARL,25580,4288,85.64,5120,45.19,5134,2703,2417
2022-05-05,MARL,13958,672,95.41,5152,46.39,5134,2640,2512
2022-05-11,MARL,25580,4288,85.64,5179,45.17,5134,2703,2476
2022-05-05,MARL,13220,1444,90.15,7468,45.47,5134,2640,4828
2022-05-11,MARL,24117,5861,80.45,7441,44.32,5134,2716,4725
2022-05-05,MARL,14459,221,98.49,9371,94.7,10274,2742,6629
2022-05-11,MARL,28807,1158,96.14,8891,93.45,10274,2870,6021
2022-05-05,MARL,13099,1741,88.27,7530,45.45,5134,2640,4890
2022-05-11,MARL,29529,10204,74.32,7420,43.77,5134,2703,4717
2022-05-05,MARL,14286,554,96.27,9034,69.79,7704,2750,6284
2022-05-11,MARL,27626,2721,91.03,8871,68.52,7704,2886,5985
2022-05-05,MARL,14199,436,97.02,8974,69.82,7704,2814,6160
2022-05-11,MARL,29357,3073,90.52,8727,68.37,7704,2902,5825
2022-05-05,MARL,14267,441,97.0,9044,69.79,7704,2742,6302
2022-05-11,MARL,32073,4105,88.65,8843,68.04,7704,2870,5973
2022-05-05,MARL,14227,547,96.3,9004,69.82,7704,2748,6256
2022-05-11,MARL,32099,4262,88.28,8776,68.08,7704,2891,5885
2022-05-05,MARL,14479,357,97.59,10953,75.89,9755,4397,6556
2022-05-11,MARL,31055,4379,87.64,9982,59.32,7704,3934,6048
2022-05-05,MARL,14213,484,96.71,10083,69.34,7704,3821,6262
2022-05-11,MARL,27189,3146,89.63,9437,68.25,7704,3665,5772
2022-05-05,MARL,14185,482,96.71,9134,69.77,7704,2743,6391
2022-05-11,MARL,28784,2997,90.57,8857,68.39,7704,2882,5975
