trip_id,start_time,end_time,start_station_id,end_station_id,simulated_day
389740,2022-05-11 07:39:11,2022-05-11 07:46:50,245,244,2022-05-11
389876,2022-05-11 07:44:19,2022-05-11 07:57:05,245,138,2022-05-11
389879,2022-05-11 07:44:19,2022-05-11 07:57:05,245,138,2022-05-11
389894,2022-05-11 07:44:45,2022-05-11 07:48:09,245,123,2022-05-11
389895,2022-05-11 07:44:45,2022-05-11 07:48:09,245,123,2022-05-11
389927,2022-05-11 07:45:45,2022-05-11 07:58:40,245,166,2022-05-11
389929,2022-05-11 07:45:45,2022-05-11 07:58:40,245,166,2022-05-11
389952,2022-05-11 07:46:35,2022-05-11 07:58:21,245,208,2022-05-11
389953,2022-05-11 07:46:35,2022-05-11 07:58:21,245,208,2022-05-11
390381,2022-05-11 08:01:16,2022-05-11 08:01:30,245,245,2022-05-11
390383,2022-05-11 08:01:16,2022-05-11 08:01:30,245,245,2022-05-11
390386,2022-05-11 08:01:38,2022-05-11 08:09:10,245,203,2022-05-11
390388,2022-05-11 08:01:38,2022-05-11 08:09:10,245,203,2022-05-11
390455,2022-05-11 08:04:06,2022-05-11 08:25:45,245,4,2022-05-11
390456,2022-05-11 08:04:06,2022-05-11 08:25:45,245,4,2022-05-11
390504,2022-05-11 08:06:12,2022-05-11 08:22:41,245,61,2022-05-11
390506,2022-05-11 08:06:12,2022-05-11 08:22:41,245,61,2022-05-11
390552,2022-05-11 08:07:28,2022-05-11 08:17:09,245,144,2022-05-11
390553,2022-05-11 08:07:28,2022-05-11 08:17:09,245,144,2022-05-11
390623,2022-05-11 08:09:17,2022-05-11 08:36:09,223,259,2022-05-11
390624,2022-05-11 08:09:17,2022-05-11 08:36:09,223,259,2022-05-11
390625,2022-05-11 08:09:19,2022-05-11 08:09:34,223,223,2022-05-11
390627,2022-05-11 08:09:19,2022-05-11 08:09:34,223,223,2022-05-11
390887,2022-05-11 08:17:29,2022-05-11 08:36:01,155,88,2022-05-11
390894,2022-05-11 08:17:42,2022-05-11 08:32:12,245,18,2022-05-11
390896,2022-05-11 08:17:42,2022-05-11 08:32:12,245,18,2022-05-11
390898,2022-05-11 08:17:49,2022-05-11 08:28:48,175,12,2022-05-11
390990,2022-05-11 08:21:00,2022-05-11 08:30:49,245,107,2022-05-11
390991,2022-05-11 08:21:00,2022-05-11 08:30:49,245,107,2022-05-11
390995,2022-05-11 08:21:02,2022-05-11 08:42:15,245,62,2022-05-11
390997,2022-05-11 08:21:02,2022-05-11 08:42:15,245,62,2022-05-11
391078,2022-05-11 08:23:32,2022-05-11 08:28:38,245,259,2022-05-11
391079,2022-05-11 08:23:32,2022-05-11 08:28:38,245,259,2022-05-11
391096,2022-05-11 08:24:00,2022-05-11 08:30:10,175,169,2022-05-11
391097,2022-05-11 08:24:00,2022-05-11 08:30:10,175,169,2022-05-11
391186,2022-05-11 08:26:38,2022-05-11 08:34:17,155,202,2022-05-11
391187,2022-05-11 08:26:38,2022-05-11 08:34:17,155,202,2022-05-11
391204,2022-05-11 08:27:13,2022-05-11 08:40:41,239,154,2022-05-11
391205,2022-05-11 08:27:13,2022-05-11 08:40:41,239,154,2022-05-11
391312,2022-05-11 08:30:04,2022-05-11 08:37:11,175,175,2022-05-11
391314,2022-05-11 08:30:04,2022-05-11 08:37:11,175,175,2022-05-11
391411,2022-05-11 08:32:23,2022-05-11 08:47:06,53,254,2022-05-11
391422,2022-05-11 08:32:41,2022-05-11 08:50:35,175,142,2022-05-11
391423,2022-05-11 08:32:41,2022-05-11 08:50:35,175,142,2022-05-11
391500,2022-05-11 08:34:09,2022-05-11 08:35:09,59,59,2022-05-11
391564,2022-05-11 08:35:42,2022-05-11 08:50:27,59,63,2022-05-11
391565,2022-05-11 08:35:42,2022-05-11 08:50:27,59,63,2022-05-11
391574,2022-05-11 08:35:53,2022-05-11 08:45:36,245,260,2022-05-11
391575,2022-05-11 08:35:53,2022-05-11 08:45:36,245,260,2022-05-11
391578,2022-05-11 08:35:57,2022-05-11 08:59:50,175,140,2022-05-11
391579,2022-05-11 08:35:57,2022-05-11 08:59:50,175,140,2022-05-11
391580,2022-05-11 08:35:59,2022-05-11 08:51:23,59,73,2022-05-11
391581,2022-05-11 08:35:59,2022-05-11 08:51:23,59,73,2022-05-11
391605,2022-05-11 08:36:32,2022-05-11 08:52:43,245,8,2022-05-11
391606,2022-05-11 08:36:32,2022-05-11 08:52:43,245,8,2022-05-11
391613,2022-05-11 08:36:39,2022-05-11 08:49:00,59,132,2022-05-11
391614,2022-05-11 08:36:39,2022-05-11 08:49:00,59,132,2022-05-11
391618,2022-05-11 08:36:45,2022-05-11 08:41:10,53,80b,2022-05-11
391620,2022-05-11 08:36:45,2022-05-11 08:41:10,53,80b,2022-05-11
391622,2022-05-11 08:36:50,2022-05-11 09:00:08,53,185,2022-05-11
391623,2022-05-11 08:36:50,2022-05-11 09:00:08,53,185,2022-05-11
391669,2022-05-11 08:37:39,2022-05-11 08:45:48,245,245,2022-05-11
391671,2022-05-11 08:37:39,2022-05-11 08:45:48,245,245,2022-05-11
391681,2022-05-11 08:37:47,2022-05-11 08:38:34,175,175,2022-05-11
391683,2022-05-11 08:37:47,2022-05-11 08:38:34,175,175,2022-05-11
391707,2022-05-11 08:38:13,2022-05-11 08:52:18,53,85,2022-05-11
391708,2022-05-11 08:38:13,2022-05-11 08:52:18,53,85,2022-05-11
391747,2022-05-11 08:39:13,2022-05-11 09:10:41,175,140,2022-05-11
391748,2022-05-11 08:39:13,2022-05-11 09:10:41,175,140,2022-05-11
391761,2022-05-11 08:39:24,2022-05-11 09:47:54,245,245,2022-05-11
391762,2022-05-11 08:39:24,2022-05-11 09:47:54,245,245,2022-05-11
391793,2022-05-11 08:40:02,2022-05-11 08:57:59,175,127,2022-05-11
391795,2022-05-11 08:40:02,2022-05-11 08:57:59,175,127,2022-05-11
391796,2022-05-11 08:40:03,2022-05-11 09:01:29,245,214,2022-05-11
391839,2022-05-11 08:40:53,2022-05-11 08:42:41,59,59,2022-05-11
391842,2022-05-11 08:40:53,2022-05-11 08:42:41,59,59,2022-05-11
391877,2022-05-11 08:41:45,2022-05-11 08:55:19,53,63,2022-05-11
391878,2022-05-11 08:41:45,2022-05-11 08:55:19,53,63,2022-05-11
391899,2022-05-11 08:42:19,2022-05-11 08:51:17,42,36,2022-05-11
391900,2022-05-11 08:42:19,2022-05-11 08:51:17,42,36,2022-05-11
391914,2022-05-11 08:42:30,2022-05-11 08:48:34,175,175,2022-05-11
391915,2022-05-11 08:42:30,2022-05-11 08:48:34,175,175,2022-05-11
391921,2022-05-11 08:42:32,2022-05-11 12:10:56,39,8,2022-05-11
391963,2022-05-11 08:43:28,2022-05-11 09:04:23,59,120,2022-05-11
391964,2022-05-11 08:43:36,2022-05-11 09:03:56,245,209,2022-05-11
391993,2022-05-11 08:44:16,2022-05-11 08:52:38,39,216,2022-05-11
391994,2022-05-11 08:44:16,2022-05-11 08:52:38,39,216,2022-05-11
392011,2022-05-11 08:44:34,2022-05-11 08:45:56,175,175,2022-05-11
392013,2022-05-11 08:44:34,2022-05-11 08:45:56,175,175,2022-05-11
392042,2022-05-11 08:45:26,2022-05-11 09:04:24,59,212,2022-05-11
392079,2022-05-11 08:46:14,2022-05-11 09:02:53,245,90,2022-05-11
392090,2022-05-11 08:46:26,2022-05-11 09:10:18,175,131,2022-05-11
392091,2022-05-11 08:46:26,2022-05-11 09:10:18,175,131,2022-05-11
392100,2022-05-11 08:46:38,2022-05-11 09:03:36,175,198,2022-05-11
392226,2022-05-11 08:49:57,2022-05-11 09:12:59,175,130,2022-05-11
392227,2022-05-11 08:49:57,2022-05-11 09:12:59,175,130,2022-05-11
392277,2022-05-11 08:51:16,2022-05-11 08:52:24,175,175,2022-05-11
392278,2022-05-11 08:51:16,2022-05-11 08:52:24,175,175,2022-05-11
392282,2022-05-11 08:51:21,2022-05-11 08:52:19,175,175,2022-05-11
392283,2022-05-11 08:51:21,2022-05-11 08:52:19,175,175,2022-05-11
392315,2022-05-11 08:52:29,2022-05-11 09:00:35,155,157,2022-05-11
392318,2022-05-11 08:52:36,2022-05-11 09:06:49,127,151,2022-05-11
392328,2022-05-11 08:52:46,2022-05-11 09:00:09,175,175,2022-05-11
392329,2022-05-11 08:52:46,2022-05-11 09:00:09,175,175,2022-05-11
392342,2022-05-11 08:53:00,2022-05-11 09:15:27,39,151,2022-05-11
392343,2022-05-11 08:53:04,2022-05-11 09:18:09,239,145,2022-05-11
392344,2022-05-11 08:53:04,2022-05-11 09:18:09,239,145,2022-05-11
392372,2022-05-11 08:53:42,2022-05-11 09:06:56,239,141,2022-05-11
392388,2022-05-11 08:54:00,2022-05-11 08:57:13,245,127,2022-05-11
392405,2022-05-11 08:54:29,2022-05-11 09:17:58,155,49,2022-05-11
392406,2022-05-11 08:54:29,2022-05-11 09:17:58,155,49,2022-05-11
392438,2022-05-11 08:55:23,2022-05-11 09:07:06,39,175,2022-05-11
392446,2022-05-11 08:55:31,2022-05-11 08:57:11,175,175,2022-05-11
392450,2022-05-11 08:55:38,2022-05-11 09:06:43,155,238,2022-05-11
392503,2022-05-11 08:56:47,2022-05-11 08:57:38,155,155,2022-05-11
392504,2022-05-11 08:56:47,2022-05-11 08:57:38,155,155,2022-05-11
392536,2022-05-11 08:57:38,2022-05-11 09:15:31,53,53,2022-05-11
392538,2022-05-11 08:57:38,2022-05-11 09:15:31,53,53,2022-05-11
392540,2022-05-11 08:57:45,2022-05-11 08:59:07,39,39,2022-05-11
392542,2022-05-11 08:57:45,2022-05-11 08:59:07,39,39,2022-05-11
392566,2022-05-11 08:58:16,2022-05-11 09:09:19,155,258,2022-05-11
392567,2022-05-11 08:58:16,2022-05-11 09:09:19,155,258,2022-05-11
392574,2022-05-11 08:58:33,2022-05-11 09:31:35,53,243,2022-05-11
392576,2022-05-11 08:58:33,2022-05-11 09:31:35,53,243,2022-05-11
392636,2022-05-11 08:59:55,2022-05-11 09:27:55,39,214,2022-05-11
392637,2022-05-11 08:59:55,2022-05-11 09:27:55,39,214,2022-05-11
392651,2022-05-11 09:00:17,2022-05-11 09:39:19,53,247,2022-05-11
392653,2022-05-11 09:00:17,2022-05-11 09:39:19,53,247,2022-05-11
392694,2022-05-11 09:01:18,2022-05-11 09:01:30,121,121,2022-05-11
392729,2022-05-11 09:02:02,2022-05-11 09:18:14,121,61,2022-05-11
392732,2022-05-11 09:02:02,2022-05-11 09:18:14,121,61,2022-05-11
392893,2022-05-11 09:05:12,2022-05-11 09:14:09,239,257,2022-05-11
392894,2022-05-11 09:05:12,2022-05-11 09:14:09,239,257,2022-05-11
392897,2022-05-11 09:05:18,2022-05-11 09:16:28,59,38,2022-05-11
392898,2022-05-11 09:05:18,2022-05-11 09:16:28,59,38,2022-05-11
392936,2022-05-11 09:06:04,2022-05-11 09:21:00,196,91,2022-05-11
392956,2022-05-11 09:06:39,2022-05-11 09:12:26,76,70,2022-05-11
392982,2022-05-11 09:07:06,2022-05-11 09:26:38,196,12,2022-05-11
392984,2022-05-11 09:07:06,2022-05-11 09:26:38,196,12,2022-05-11
392998,2022-05-11 09:07:32,2022-05-11 09:12:50,39,40,2022-05-11
393000,2022-05-11 09:07:32,2022-05-11 09:12:50,39,40,2022-05-11
393006,2022-05-11 09:07:47,2022-05-11 09:15:47,127,259,2022-05-11
393007,2022-05-11 09:07:47,2022-05-11 09:15:47,127,259,2022-05-11
393026,2022-05-11 09:08:08,2022-05-11 09:28:06,53,125,2022-05-11
393027,2022-05-11 09:08:08,2022-05-11 09:28:06,53,125,2022-05-11
393048,2022-05-11 09:08:29,2022-05-11 09:17:42,245,244,2022-05-11
393068,2022-05-11 09:08:46,2022-05-11 09:31:15,59,206,2022-05-11
393069,2022-05-11 09:08:46,2022-05-11 09:31:15,59,206,2022-05-11
393073,2022-05-11 09:08:52,2022-05-11 09:29:43,39,137,2022-05-11
393075,2022-05-11 09:08:52,2022-05-11 09:29:43,39,137,2022-05-11
393077,2022-05-11 09:08:56,2022-05-11 09:22:42,38,106a,2022-05-11
393080,2022-05-11 09:08:56,2022-05-11 09:22:42,38,106a,2022-05-11
393143,2022-05-11 09:10:23,2022-05-11 09:25:33,212,243,2022-05-11
393211,2022-05-11 09:12:26,2022-05-11 09:40:38,212,172,2022-05-11
393212,2022-05-11 09:12:26,2022-05-11 09:40:38,212,172,2022-05-11
393221,2022-05-11 09:12:41,2022-05-11 09:22:29,127,142,2022-05-11
393222,2022-05-11 09:12:41,2022-05-11 09:22:29,127,142,2022-05-11
393241,2022-05-11 09:13:19,2022-05-11 09:28:08,213,254,2022-05-11
393242,2022-05-11 09:13:19,2022-05-11 09:28:08,213,254,2022-05-11
393267,2022-05-11 09:13:50,2022-05-11 09:29:15,245,30,2022-05-11
393268,2022-05-11 09:13:50,2022-05-11 09:29:15,245,30,2022-05-11
393335,2022-05-11 09:15:41,2022-05-11 09:18:51,175,175,2022-05-11
393347,2022-05-11 09:16:06,2022-05-11 09:20:59,233,182,2022-05-11
393359,2022-05-11 09:16:21,2022-05-11 09:37:01,175,93,2022-05-11
393361,2022-05-11 09:16:21,2022-05-11 09:37:01,175,93,2022-05-11
393372,2022-05-11 09:16:35,2022-05-11 09:22:59,53,39,2022-05-11
393373,2022-05-11 09:16:35,2022-05-11 09:22:59,53,39,2022-05-11
393388,2022-05-11 09:17:01,2022-05-11 09:30:27,175,31,2022-05-11
393391,2022-05-11 09:17:03,2022-05-11 09:27:33,42,8,2022-05-11
393392,2022-05-11 09:17:03,2022-05-11 09:27:33,42,8,2022-05-11
393395,2022-05-11 09:17:14,2022-05-11 09:26:16,38,161,2022-05-11
393396,2022-05-11 09:17:14,2022-05-11 09:27:30,38,18,2022-05-11
393397,2022-05-11 09:17:14,2022-05-11 09:26:16,38,161,2022-05-11
393398,2022-05-11 09:17:14,2022-05-11 09:27:30,38,18,2022-05-11
393421,2022-05-11 09:18:17,2022-05-11 09:34:08,239,94,2022-05-11
393423,2022-05-11 09:18:17,2022-05-11 09:34:08,239,94,2022-05-11
393436,2022-05-11 09:18:39,2022-05-11 09:19:33,212,212,2022-05-11
393437,2022-05-11 09:18:39,2022-05-11 09:19:33,212,212,2022-05-11
393457,2022-05-11 09:19:22,2022-05-11 09:20:14,175,175,2022-05-11
393459,2022-05-11 09:19:22,2022-05-11 09:20:14,175,175,2022-05-11
393480,2022-05-11 09:19:52,2022-05-11 09:29:14,212,35,2022-05-11
393481,2022-05-11 09:19:52,2022-05-11 09:29:14,212,35,2022-05-11
393484,2022-05-11 09:19:54,2022-05-11 09:29:44,155,202,2022-05-11
393486,2022-05-11 09:19:54,2022-05-11 09:29:44,155,202,2022-05-11
393517,2022-05-11 09:20:23,2022-05-11 09:36:01,212,116b,2022-05-11
393518,2022-05-11 09:20:23,2022-05-11 09:36:01,212,116b,2022-05-11
393520,2022-05-11 09:20:28,2022-05-11 09:31:32,175,29,2022-05-11
393521,2022-05-11 09:20:28,2022-05-11 09:31:32,175,29,2022-05-11
393547,2022-05-11 09:21:15,2022-05-11 09:34:19,233,74,2022-05-11
393548,2022-05-11 09:21:15,2022-05-11 09:34:19,233,74,2022-05-11
286844,2022-05-05 09:24:14,2022-05-05 09:44:24,132,249,2022-05-05
393580,2022-05-11 09:21:58,2022-05-11 09:23:12,212,212,2022-05-11
393582,2022-05-11 09:21:58,2022-05-11 09:23:12,212,212,2022-05-11
393596,2022-05-11 09:22:08,2022-05-11 09:28:16,155,157,2022-05-11
393597,2022-05-11 09:22:08,2022-05-11 09:28:16,155,157,2022-05-11
393598,2022-05-11 09:22:09,2022-05-11 09:31:27,59,95,2022-05-11
393599,2022-05-11 09:22:09,2022-05-11 09:31:27,59,95,2022-05-11
393633,2022-05-11 09:23:15,2022-05-11 09:34:32,38,212,2022-05-11
393634,2022-05-11 09:23:15,2022-05-11 09:34:32,38,212,2022-05-11
393657,2022-05-11 09:23:51,2022-05-11 09:29:53,53,29,2022-05-11
393658,2022-05-11 09:23:51,2022-05-11 09:29:53,53,29,2022-05-11
393703,2022-05-11 09:25:07,2022-05-11 09:33:58,181,92,2022-05-11
393706,2022-05-11 09:25:13,2022-05-11 09:28:48,59,58,2022-05-11
393707,2022-05-11 09:25:13,2022-05-11 09:28:48,59,58,2022-05-11
393723,2022-05-11 09:25:43,2022-05-11 09:28:09,175,175,2022-05-11
393724,2022-05-11 09:25:43,2022-05-11 09:28:09,175,175,2022-05-11
393854,2022-05-11 09:29:30,2022-05-11 09:30:11,212,212,2022-05-11
393855,2022-05-11 09:29:30,2022-05-11 09:30:11,212,212,2022-05-11
393870,2022-05-11 09:29:49,2022-05-11 09:30:14,155,155,2022-05-11
393871,2022-05-11 09:29:49,2022-05-11 09:30:14,155,155,2022-05-11
393876,2022-05-11 09:29:57,2022-05-11 10:02:56,175,91,2022-05-11
393877,2022-05-11 09:29:57,2022-05-11 10:02:56,175,91,2022-05-11
393902,2022-05-11 09:30:38,2022-05-11 09:30:59,155,155,2022-05-11
393904,2022-05-11 09:30:38,2022-05-11 09:30:59,155,155,2022-05-11
393922,2022-05-11 09:31:05,2022-05-11 09:38:46,212,122,2022-05-11
393923,2022-05-11 09:31:05,2022-05-11 09:38:46,212,122,2022-05-11
393926,2022-05-11 09:31:07,2022-05-11 09:42:01,175,45,2022-05-11
393927,2022-05-11 09:31:07,2022-05-11 09:42:01,175,45,2022-05-11
393934,2022-05-11 09:31:15,2022-05-11 09:34:51,175,175,2022-05-11
393935,2022-05-11 09:31:15,2022-05-11 09:34:51,175,175,2022-05-11
393959,2022-05-11 09:31:53,2022-05-11 09:49:05,245,2,2022-05-11
393961,2022-05-11 09:31:53,2022-05-11 09:49:05,245,2,2022-05-11
394025,2022-05-11 09:33:58,2022-05-11 09:45:50,181,176,2022-05-11
394027,2022-05-11 09:33:58,2022-05-11 09:45:50,181,176,2022-05-11
394031,2022-05-11 09:34:05,2022-05-11 09:34:33,233,233,2022-05-11
394032,2022-05-11 09:34:05,2022-05-11 09:34:33,233,233,2022-05-11
394045,2022-05-11 09:34:29,2022-05-11 09:34:47,59,59,2022-05-11
394046,2022-05-11 09:34:29,2022-05-11 09:34:47,59,59,2022-05-11
394066,2022-05-11 09:35:00,2022-05-11 09:47:33,59,162,2022-05-11
394067,2022-05-11 09:35:00,2022-05-11 09:47:33,59,162,2022-05-11
394070,2022-05-11 09:35:06,2022-05-11 09:42:36,175,48,2022-05-11
394071,2022-05-11 09:35:06,2022-05-11 09:42:36,175,48,2022-05-11
394080,2022-05-11 09:35:23,2022-05-11 09:35:46,175,175,2022-05-11
394082,2022-05-11 09:35:23,2022-05-11 09:35:46,175,175,2022-05-11
394097,2022-05-11 09:35:41,2022-05-11 09:36:24,213,213,2022-05-11
394098,2022-05-11 09:35:41,2022-05-11 09:36:24,213,213,2022-05-11
394099,2022-05-11 09:35:44,2022-05-11 09:57:26,196,5,2022-05-11
394100,2022-05-11 09:35:44,2022-05-11 09:57:26,196,5,2022-05-11
394116,2022-05-11 09:36:23,2022-05-11 10:10:18,175,259,2022-05-11
394117,2022-05-11 09:36:23,2022-05-11 10:10:18,175,259,2022-05-11
394121,2022-05-11 09:36:32,2022-05-11 09:47:51,181,26,2022-05-11
394123,2022-05-11 09:36:32,2022-05-11 09:47:51,181,26,2022-05-11
394126,2022-05-11 09:36:39,2022-05-11 09:50:47,213,196,2022-05-11
394127,2022-05-11 09:36:39,2022-05-11 09:50:47,213,196,2022-05-11
394172,2022-05-11 09:37:40,2022-05-11 09:50:34,239,122,2022-05-11
394174,2022-05-11 09:37:40,2022-05-11 09:50:34,239,122,2022-05-11
394181,2022-05-11 09:38:01,2022-05-11 09:47:43,239,261,2022-05-11
394182,2022-05-11 09:38:01,2022-05-11 09:47:43,239,261,2022-05-11
394191,2022-05-11 09:38:17,2022-05-11 09:47:37,181,186,2022-05-11
394239,2022-05-11 09:39:18,2022-05-11 09:43:06,49,49,2022-05-11
394250,2022-05-11 09:39:24,2022-05-11 10:03:43,171,131,2022-05-11
394254,2022-05-11 09:39:33,2022-05-11 09:41:57,49,49,2022-05-11
394267,2022-05-11 09:39:53,2022-05-11 09:40:08,170,170,2022-05-11
394268,2022-05-11 09:39:56,2022-05-11 09:57:14,245,109,2022-05-11
394269,2022-05-11 09:39:56,2022-05-11 09:57:14,245,109,2022-05-11
394270,2022-05-11 09:40:00,2022-05-11 09:41:26,49,49,2022-05-11
394279,2022-05-11 09:40:12,2022-05-11 10:03:58,245,165,2022-05-11
394280,2022-05-11 09:40:12,2022-05-11 10:03:58,245,165,2022-05-11
394285,2022-05-11 09:40:18,2022-05-11 09:40:34,155,155,2022-05-11
394286,2022-05-11 09:40:18,2022-05-11 09:40:34,155,155,2022-05-11
394289,2022-05-11 09:40:21,2022-05-11 09:40:34,170,170,2022-05-11
394300,2022-05-11 09:40:31,2022-05-11 09:41:00,49,49,2022-05-11
394307,2022-05-11 09:40:43,2022-05-11 09:43:58,49,49,2022-05-11
394308,2022-05-11 09:40:47,2022-05-11 09:41:12,170,170,2022-05-11
287129,2022-05-05 09:43:40,2022-05-05 09:51:46,245,131,2022-05-05
287141,2022-05-05 09:44:38,2022-05-05 10:09:07,245,118,2022-05-05
287152,2022-05-05 09:45:22,2022-05-05 09:57:34,245,65,2022-05-05
394339,2022-05-11 09:41:26,2022-05-11 09:41:42,155,155,2022-05-11
394340,2022-05-11 09:41:26,2022-05-11 09:41:42,155,155,2022-05-11
394351,2022-05-11 09:41:36,2022-05-11 09:45:39,233,182,2022-05-11
394353,2022-05-11 09:41:36,2022-05-11 09:45:39,233,182,2022-05-11
394359,2022-05-11 09:41:45,2022-05-11 09:43:01,49,49,2022-05-11
394369,2022-05-11 09:42:00,2022-05-11 09:56:29,59,166,2022-05-11
394370,2022-05-11 09:42:00,2022-05-11 09:56:29,59,166,2022-05-11
394373,2022-05-11 09:42:06,2022-05-11 09:42:16,49,49,2022-05-11
394374,2022-05-11 09:42:06,2022-05-11 09:49:57,245,245,2022-05-11
394375,2022-05-11 09:42:06,2022-05-11 09:49:57,245,245,2022-05-11
394377,2022-05-11 09:42:07,2022-05-11 09:42:16,71,71,2022-05-11
394385,2022-05-11 09:42:19,2022-05-11 09:43:48,49,49,2022-05-11
394386,2022-05-11 09:42:21,2022-05-11 09:42:32,49,49,2022-05-11
394387,2022-05-11 09:42:23,2022-05-11 09:42:45,49,49,2022-05-11
394397,2022-05-11 09:42:32,2022-05-11 09:51:05,71,178,2022-05-11
394399,2022-05-11 09:42:32,2022-05-11 09:51:05,71,178,2022-05-11
394405,2022-05-11 09:42:45,2022-05-11 09:43:38,49,49,2022-05-11
394420,2022-05-11 09:43:12,2022-05-11 09:43:29,49,49,2022-05-11
394421,2022-05-11 09:43:15,2022-05-11 09:43:24,49,49,2022-05-11
394429,2022-05-11 09:43:24,2022-05-11 19:16:37,181,144,2022-05-11
394431,2022-05-11 09:43:24,2022-05-11 19:16:37,181,144,2022-05-11
394434,2022-05-11 09:43:27,2022-05-11 09:43:40,49,49,2022-05-11
394445,2022-05-11 09:43:43,2022-05-11 10:07:03,171,8,2022-05-11
394446,2022-05-11 09:43:43,2022-05-11 10:07:03,171,8,2022-05-11
394489,2022-05-11 09:45:16,2022-05-11 09:46:03,71,71,2022-05-11
394490,2022-05-11 09:45:16,2022-05-11 09:46:03,71,71,2022-05-11
394533,2022-05-11 09:46:24,2022-05-11 10:44:13,213,115,2022-05-11
394590,2022-05-11 09:48:29,2022-05-11 10:00:38,233,92,2022-05-11
394591,2022-05-11 09:48:29,2022-05-11 10:00:38,233,92,2022-05-11
394689,2022-05-11 09:52:25,2022-05-11 09:58:51,181,96,2022-05-11
394690,2022-05-11 09:52:25,2022-05-11 09:58:51,181,96,2022-05-11
394747,2022-05-11 09:54:13,2022-05-11 09:54:30,59,59,2022-05-11
394748,2022-05-11 09:54:13,2022-05-11 09:54:30,59,59,2022-05-11
394770,2022-05-11 09:54:42,2022-05-11 10:04:30,59,130,2022-05-11
394772,2022-05-11 09:54:42,2022-05-11 10:04:30,59,130,2022-05-11
287328,2022-05-05 09:55:41,2022-05-05 10:03:59,132,260,2022-05-05
394817,2022-05-11 09:56:07,2022-05-11 09:58:25,59,5,2022-05-11
394818,2022-05-11 09:56:07,2022-05-11 09:58:25,59,5,2022-05-11
394822,2022-05-11 09:56:16,2022-05-11 10:11:01,39,86,2022-05-11
394823,2022-05-11 09:56:16,2022-05-11 10:11:01,39,86,2022-05-11
394828,2022-05-11 09:56:25,2022-05-11 10:02:18,239,260,2022-05-11
394829,2022-05-11 09:56:25,2022-05-11 10:02:18,239,260,2022-05-11
394834,2022-05-11 09:56:29,2022-05-11 09:57:04,175,175,2022-05-11
394836,2022-05-11 09:56:29,2022-05-11 09:57:04,175,175,2022-05-11
394838,2022-05-11 09:56:30,2022-05-11 10:08:42,245,151,2022-05-11
394839,2022-05-11 09:56:30,2022-05-11 10:08:42,245,151,2022-05-11
394856,2022-05-11 09:57:00,2022-05-11 10:02:53,175,235,2022-05-11
394858,2022-05-11 09:57:00,2022-05-11 10:02:53,175,235,2022-05-11
394910,2022-05-11 09:59:15,2022-05-11 09:59:31,155,155,2022-05-11
394946,2022-05-11 10:01:10,2022-05-11 10:01:52,76,76,2022-05-11
394955,2022-05-11 10:01:32,2022-05-11 10:02:22,175,175,2022-05-11
394956,2022-05-11 10:01:32,2022-05-11 10:02:22,175,175,2022-05-11
394992,2022-05-11 10:03:23,2022-05-11 10:08:52,175,1a,2022-05-11
394993,2022-05-11 10:03:23,2022-05-11 10:08:52,175,1a,2022-05-11
395004,2022-05-11 10:03:57,2022-05-11 14:48:09,59,59,2022-05-11
395005,2022-05-11 10:03:57,2022-05-11 14:48:09,59,59,2022-05-11
395040,2022-05-11 10:05:10,2022-05-11 10:18:44,59,247,2022-05-11
395041,2022-05-11 10:05:10,2022-05-11 10:18:44,59,247,2022-05-11
395070,2022-05-11 10:06:25,2022-05-11 10:06:46,53,53,2022-05-11
395083,2022-05-11 10:07:00,2022-05-11 10:07:36,53,53,2022-05-11
395096,2022-05-11 10:07:30,2022-05-11 10:08:17,53,53,2022-05-11
395099,2022-05-11 10:07:37,2022-05-11 10:08:07,53,53,2022-05-11
395102,2022-05-11 10:07:45,2022-05-11 10:07:58,53,53,2022-05-11
395105,2022-05-11 10:07:58,2022-05-11 10:08:18,53,53,2022-05-11
395130,2022-05-11 10:08:32,2022-05-11 10:08:54,53,53,2022-05-11
395131,2022-05-11 10:08:33,2022-05-11 10:08:42,53,53,2022-05-11
395136,2022-05-11 10:08:48,2022-05-11 10:09:01,53,53,2022-05-11
395137,2022-05-11 10:08:51,2022-05-11 10:09:11,53,53,2022-05-11
395140,2022-05-11 10:08:55,2022-05-11 10:11:59,239,213,2022-05-11
395141,2022-05-11 10:08:55,2022-05-11 10:11:59,239,213,2022-05-11
395152,2022-05-11 10:09:16,2022-05-11 10:09:44,53,53,2022-05-11
395155,2022-05-11 10:09:23,2022-05-11 10:09:34,53,53,2022-05-11
395206,2022-05-11 10:11:32,2022-05-11 10:11:53,53,53,2022-05-11
395216,2022-05-11 10:12:03,2022-05-11 10:13:01,53,53,2022-05-11
395219,2022-05-11 10:12:07,2022-05-11 10:30:55,53,216,2022-05-11
395220,2022-05-11 10:12:07,2022-05-11 10:30:55,53,216,2022-05-11
395253,2022-05-11 10:13:37,2022-05-11 10:14:01,53,53,2022-05-11
395263,2022-05-11 10:14:05,2022-05-11 10:40:30,181,259,2022-05-11
395264,2022-05-11 10:14:05,2022-05-11 10:40:30,181,259,2022-05-11
395269,2022-05-11 10:14:12,2022-05-11 10:14:41,53,53,2022-05-11
395428,2022-05-11 10:21:08,2022-05-11 10:35:07,213,213,2022-05-11
395429,2022-05-11 10:21:08,2022-05-11 10:35:07,213,213,2022-05-11
395446,2022-05-11 10:21:38,2022-05-11 10:51:35,166,232,2022-05-11
395453,2022-05-11 10:21:59,2022-05-11 10:29:01,245,261,2022-05-11
395454,2022-05-11 10:21:59,2022-05-11 10:29:01,245,261,2022-05-11
395561,2022-05-11 10:26:04,2022-05-11 10:29:27,213,235,2022-05-11
395562,2022-05-11 10:26:04,2022-05-11 10:29:27,213,235,2022-05-11
395577,2022-05-11 10:26:55,2022-05-11 10:43:45,213,8,2022-05-11
395578,2022-05-11 10:26:55,2022-05-11 10:43:45,213,8,2022-05-11
395581,2022-05-11 10:27:06,2022-05-11 10:35:27,38,113,2022-05-11
395582,2022-05-11 10:27:06,2022-05-11 10:35:27,38,113,2022-05-11
395713,2022-05-11 10:35:24,2022-05-11 17:40:25,176,176,2022-05-11
395714,2022-05-11 10:35:26,2022-05-11 11:01:20,171,36,2022-05-11
395715,2022-05-11 10:35:26,2022-05-11 11:01:20,171,36,2022-05-11
395726,2022-05-11 10:35:57,2022-05-11 10:48:00,176,236,2022-05-11
395743,2022-05-11 10:36:43,2022-05-11 10:41:48,39,30,2022-05-11
395769,2022-05-11 10:38:01,2022-05-11 10:49:51,213,199,2022-05-11
395772,2022-05-11 10:38:06,2022-05-11 10:43:55,176,235,2022-05-11
395780,2022-05-11 10:38:35,2022-05-11 10:54:49,206,54,2022-05-11
395781,2022-05-11 10:38:39,2022-05-11 10:55:49,213,27,2022-05-11
287761,2022-05-05 10:46:57,2022-05-05 11:02:08,132,50,2022-05-05
395962,2022-05-11 10:50:45,2022-05-11 11:09:07,42,144,2022-05-11
395974,2022-05-11 10:51:23,2022-05-11 11:15:05,235,138,2022-05-11
395975,2022-05-11 10:51:23,2022-05-11 11:15:05,235,138,2022-05-11
396054,2022-05-11 10:56:40,2022-05-11 11:15:32,121,151,2022-05-11
396074,2022-05-11 10:59:05,2022-05-11 10:59:31,43,43,2022-05-11
396081,2022-05-11 10:59:21,2022-05-11 11:00:46,43,43,2022-05-11
396087,2022-05-11 10:59:33,2022-05-11 11:00:54,43,43,2022-05-11
396088,2022-05-11 10:59:42,2022-05-11 11:01:15,43,43,2022-05-11
396103,2022-05-11 11:00:09,2022-05-11 11:00:32,43,43,2022-05-11
396104,2022-05-11 11:00:13,2022-05-11 11:01:20,43,43,2022-05-11
396114,2022-05-11 11:00:39,2022-05-11 11:01:28,43,43,2022-05-11
396115,2022-05-11 11:00:39,2022-05-11 11:10:52,48,213,2022-05-11
396116,2022-05-11 11:00:39,2022-05-11 11:10:52,48,213,2022-05-11
396123,2022-05-11 11:00:53,2022-05-11 11:01:37,43,43,2022-05-11
396128,2022-05-11 11:01:27,2022-05-11 11:01:59,206,206,2022-05-11
396129,2022-05-11 11:01:27,2022-05-11 11:01:59,206,206,2022-05-11
396136,2022-05-11 11:01:45,2022-05-11 11:02:20,43,43,2022-05-11
396145,2022-05-11 11:02:03,2022-05-11 11:02:12,43,43,2022-05-11
396146,2022-05-11 11:02:08,2022-05-11 11:02:32,43,43,2022-05-11
396147,2022-05-11 11:02:14,2022-05-11 11:03:39,206,206,2022-05-11
396148,2022-05-11 11:02:14,2022-05-11 11:03:39,206,206,2022-05-11
396176,2022-05-11 11:04:22,2022-05-11 11:45:02,206,1b,2022-05-11
396177,2022-05-11 11:04:22,2022-05-11 11:45:02,206,1b,2022-05-11
396217,2022-05-11 11:06:14,2022-05-11 11:29:03,43,183,2022-05-11
396240,2022-05-11 11:07:21,2022-05-11 11:31:36,232,130,2022-05-11
396241,2022-05-11 11:07:21,2022-05-11 11:31:36,232,130,2022-05-11
396258,2022-05-11 11:08:04,2022-05-11 11:14:30,39,173,2022-05-11
396259,2022-05-11 11:08:04,2022-05-11 11:14:30,39,173,2022-05-11
396279,2022-05-11 11:08:57,2022-05-11 11:09:11,176,176,2022-05-11
396288,2022-05-11 11:09:30,2022-05-11 11:09:48,176,176,2022-05-11
396290,2022-05-11 11:09:30,2022-05-11 11:09:48,176,176,2022-05-11
396308,2022-05-11 11:10:20,2022-05-11 11:12:23,176,176,2022-05-11
396309,2022-05-11 11:10:20,2022-05-11 11:12:23,176,176,2022-05-11
396340,2022-05-11 11:11:41,2022-05-11 11:46:37,176,203,2022-05-11
396342,2022-05-11 11:11:41,2022-05-11 11:46:37,176,203,2022-05-11
396382,2022-05-11 11:13:22,2022-05-11 11:34:04,59,79,2022-05-11
396413,2022-05-11 11:15:08,2022-05-11 11:18:41,121,48,2022-05-11
396414,2022-05-11 11:15:08,2022-05-11 11:18:41,121,48,2022-05-11
396418,2022-05-11 11:15:17,2022-05-11 11:20:08,76,76,2022-05-11
396427,2022-05-11 11:15:37,2022-05-11 11:22:29,121,43,2022-05-11
396428,2022-05-11 11:15:37,2022-05-11 11:22:29,121,43,2022-05-11
396539,2022-05-11 11:22:01,2022-05-11 11:22:16,121,121,2022-05-11
396540,2022-05-11 11:22:01,2022-05-11 11:22:16,121,121,2022-05-11
396580,2022-05-11 11:23:16,2022-05-11 11:29:53,48,175,2022-05-11
396581,2022-05-11 11:23:16,2022-05-11 11:29:53,48,175,2022-05-11
396587,2022-05-11 11:23:40,2022-05-11 11:24:40,176,176,2022-05-11
396623,2022-05-11 11:24:55,2022-05-11 11:37:51,176,77,2022-05-11
396624,2022-05-11 11:24:55,2022-05-11 11:37:51,176,77,2022-05-11
396652,2022-05-11 11:26:10,2022-05-11 11:42:43,213,86,2022-05-11
396692,2022-05-11 11:28:17,2022-05-11 11:55:31,213,40,2022-05-11
396693,2022-05-11 11:28:17,2022-05-11 11:55:31,213,40,2022-05-11
396696,2022-05-11 11:28:20,2022-05-11 11:50:07,213,27,2022-05-11
396697,2022-05-11 11:28:20,2022-05-11 11:50:07,213,27,2022-05-11
396705,2022-05-11 11:28:37,2022-05-11 11:35:12,213,164,2022-05-11
396706,2022-05-11 11:28:37,2022-05-11 11:35:12,213,164,2022-05-11
397030,2022-05-11 11:43:11,2022-05-11 11:55:36,235,175,2022-05-11
397031,2022-05-11 11:43:11,2022-05-11 11:55:36,235,175,2022-05-11
397040,2022-05-11 11:43:39,2022-05-11 11:51:04,216,38,2022-05-11
397041,2022-05-11 11:43:39,2022-05-11 11:51:04,216,38,2022-05-11
397099,2022-05-11 11:45:08,2022-05-11 11:58:19,38,125,2022-05-11
397100,2022-05-11 11:45:08,2022-05-11 11:58:19,38,125,2022-05-11
397103,2022-05-11 11:45:14,2022-05-11 11:56:52,127,128,2022-05-11
397104,2022-05-11 11:45:14,2022-05-11 11:56:52,127,128,2022-05-11
397203,2022-05-11 11:49:51,2022-05-11 12:05:58,48,127,2022-05-11
397204,2022-05-11 11:49:51,2022-05-11 12:05:58,48,127,2022-05-11
397270,2022-05-11 11:53:41,2022-05-11 12:02:29,59,199,2022-05-11
397271,2022-05-11 11:53:41,2022-05-11 12:02:29,59,199,2022-05-11
397355,2022-05-11 11:59:52,2022-05-11 12:00:13,176,176,2022-05-11
288379,2022-05-05 12:03:30,2022-05-05 12:14:02,73,94,2022-05-05
397375,2022-05-11 12:01:03,2022-05-11 12:17:08,176,224,2022-05-11
397377,2022-05-11 12:01:05,2022-05-11 12:32:25,44,37,2022-05-11
397378,2022-05-11 12:01:07,2022-05-11 12:16:52,176,85,2022-05-11
397379,2022-05-11 12:01:07,2022-05-11 12:16:52,176,85,2022-05-11
397409,2022-05-11 12:02:54,2022-05-11 12:23:31,193,118,2022-05-11
397410,2022-05-11 12:02:54,2022-05-11 12:23:31,193,118,2022-05-11
397425,2022-05-11 12:03:39,2022-05-11 12:11:43,171,169,2022-05-11
397426,2022-05-11 12:03:39,2022-05-11 12:11:43,171,169,2022-05-11
397544,2022-05-11 12:09:05,2022-05-11 12:17:35,127,203,2022-05-11
397545,2022-05-11 12:09:05,2022-05-11 12:17:35,127,203,2022-05-11
397554,2022-05-11 12:09:20,2022-05-11 12:09:25,175,175,2022-05-11
397555,2022-05-11 12:09:21,2022-05-11 12:09:27,175,175,2022-05-11
397556,2022-05-11 12:09:31,2022-05-11 12:09:36,175,175,2022-05-11
397557,2022-05-11 12:09:32,2022-05-11 12:09:38,175,175,2022-05-11
288497,2022-05-05 12:18:44,2022-05-05 12:29:56,132,59,2022-05-05
397652,2022-05-11 12:15:17,2022-05-11 12:54:46,132,196,2022-05-11
397653,2022-05-11 12:15:17,2022-05-11 12:54:46,132,196,2022-05-11
397693,2022-05-11 12:16:52,2022-05-11 12:37:35,239,166,2022-05-11
397731,2022-05-11 12:18:48,2022-05-11 12:25:44,79,70,2022-05-11
397775,2022-05-11 12:20:54,2022-05-11 13:20:00,216,216,2022-05-11
397777,2022-05-11 12:20:54,2022-05-11 13:20:00,216,216,2022-05-11
397783,2022-05-11 12:21:28,2022-05-11 12:46:27,187,113,2022-05-11
397791,2022-05-11 12:21:50,2022-05-11 12:34:22,239,5,2022-05-11
397792,2022-05-11 12:21:50,2022-05-11 12:34:22,239,5,2022-05-11
397865,2022-05-11 12:24:59,2022-05-11 12:36:40,171,51,2022-05-11
397866,2022-05-11 12:24:59,2022-05-11 12:36:40,171,51,2022-05-11
397887,2022-05-11 12:26:34,2022-05-11 12:26:56,42,42,2022-05-11
397900,2022-05-11 12:27:18,2022-05-11 12:27:38,42,42,2022-05-11
397909,2022-05-11 12:27:49,2022-05-11 12:28:04,42,42,2022-05-11
397914,2022-05-11 12:28:16,2022-05-11 12:28:33,42,42,2022-05-11
397925,2022-05-11 12:28:44,2022-05-11 12:29:09,42,42,2022-05-11
288581,2022-05-05 12:29:03,2022-05-05 12:29:35,132,132,2022-05-05
288594,2022-05-05 12:30:20,2022-05-05 12:43:37,132,13,2022-05-05
397932,2022-05-11 12:29:34,2022-05-11 13:26:49,43,121,2022-05-11
397949,2022-05-11 12:31:03,2022-05-11 12:31:23,42,42,2022-05-11
397960,2022-05-11 12:31:34,2022-05-11 12:31:54,42,42,2022-05-11
397965,2022-05-11 12:31:42,2022-05-11 12:45:51,79,226,2022-05-11
397966,2022-05-11 12:31:42,2022-05-11 12:45:51,79,226,2022-05-11
397968,2022-05-11 12:31:58,2022-05-11 12:42:26,85,92,2022-05-11
397969,2022-05-11 12:31:58,2022-05-11 12:42:26,85,92,2022-05-11
397972,2022-05-11 12:32:05,2022-05-11 12:32:20,42,42,2022-05-11
397985,2022-05-11 12:32:33,2022-05-11 12:32:50,42,42,2022-05-11
397995,2022-05-11 12:33:02,2022-05-11 12:33:21,42,42,2022-05-11
288670,2022-05-05 12:37:46,2022-05-05 12:47:49,73,29,2022-05-05
288676,2022-05-05 12:38:13,2022-05-05 12:53:57,53,2,2022-05-05
398020,2022-05-11 12:34:00,2022-05-11 12:50:27,233,60,2022-05-11
398021,2022-05-11 12:34:00,2022-05-11 12:50:27,233,60,2022-05-11
398057,2022-05-11 12:35:31,2022-05-11 12:36:31,176,176,2022-05-11
398058,2022-05-11 12:35:43,2022-05-11 12:36:02,42,42,2022-05-11
398059,2022-05-11 12:35:45,2022-05-11 12:35:56,176,176,2022-05-11
398060,2022-05-11 12:35:45,2022-05-11 12:36:17,176,176,2022-05-11
398079,2022-05-11 12:36:19,2022-05-11 12:36:37,42,42,2022-05-11
398082,2022-05-11 12:36:30,2022-05-11 12:37:06,176,176,2022-05-11
398087,2022-05-11 12:36:35,2022-05-11 12:37:13,176,176,2022-05-11
398091,2022-05-11 12:36:44,2022-05-11 12:37:05,176,176,2022-05-11
398094,2022-05-11 12:36:49,2022-05-11 12:37:08,42,42,2022-05-11
398097,2022-05-11 12:36:53,2022-05-11 12:37:03,176,176,2022-05-11
398102,2022-05-11 12:37:21,2022-05-11 12:37:50,176,176,2022-05-11
398103,2022-05-11 12:37:27,2022-05-11 12:37:45,42,42,2022-05-11
398104,2022-05-11 12:37:33,2022-05-11 12:37:46,176,176,2022-05-11
398105,2022-05-11 12:37:35,2022-05-11 12:37:56,176,176,2022-05-11
398108,2022-05-11 12:38:04,2022-05-11 12:38:31,176,176,2022-05-11
398113,2022-05-11 12:38:18,2022-05-11 12:38:36,176,176,2022-05-11
288683,2022-05-05 12:39:35,2022-05-05 12:56:47,132,90,2022-05-05
398130,2022-05-11 12:39:04,2022-05-11 12:39:24,176,176,2022-05-11
398147,2022-05-11 12:40:13,2022-05-11 12:47:01,85,74,2022-05-11
398148,2022-05-11 12:40:13,2022-05-11 12:47:01,85,74,2022-05-11
288756,2022-05-05 12:50:19,2022-05-05 12:53:54,132,202,2022-05-05
288760,2022-05-05 12:50:51,2022-05-05 12:51:11,73,73,2022-05-05
288767,2022-05-05 12:51:29,2022-05-05 13:21:55,73,101,2022-05-05
398383,2022-05-11 12:51:08,2022-05-11 13:23:52,39,198,2022-05-11
398412,2022-05-11 12:52:28,2022-05-11 12:59:35,176,49,2022-05-11
398448,2022-05-11 12:54:24,2022-05-11 13:15:37,71,212,2022-05-11
398545,2022-05-11 12:59:08,2022-05-11 13:13:47,206,122,2022-05-11
288895,2022-05-05 13:04:19,2022-05-05 13:04:55,155,155,2022-05-05
288906,2022-05-05 13:05:32,2022-05-05 13:10:32,155,157,2022-05-05
398658,2022-05-11 13:03:46,2022-05-11 13:04:04,171,171,2022-05-11
398677,2022-05-11 13:04:11,2022-05-11 13:04:36,171,171,2022-05-11
398682,2022-05-11 13:04:23,2022-05-11 13:04:40,171,171,2022-05-11
398689,2022-05-11 13:04:48,2022-05-11 13:05:10,171,171,2022-05-11
398702,2022-05-11 13:04:58,2022-05-11 13:05:12,171,171,2022-05-11
398709,2022-05-11 13:05:23,2022-05-11 13:05:58,171,171,2022-05-11
398710,2022-05-11 13:05:30,2022-05-11 13:06:02,171,171,2022-05-11
398729,2022-05-11 13:06:09,2022-05-11 13:06:34,171,171,2022-05-11
398730,2022-05-11 13:06:21,2022-05-11 13:06:39,171,171,2022-05-11
398734,2022-05-11 13:06:26,2022-05-11 13:10:39,12,200,2022-05-11
398737,2022-05-11 13:06:39,2022-05-11 13:11:10,12,123,2022-05-11
398738,2022-05-11 13:06:39,2022-05-11 13:11:10,12,123,2022-05-11
398742,2022-05-11 13:06:49,2022-05-11 13:07:05,171,171,2022-05-11
398743,2022-05-11 13:06:53,2022-05-11 13:07:11,171,171,2022-05-11
398786,2022-05-11 13:08:34,2022-05-11 13:34:13,171,173,2022-05-11
398845,2022-05-11 13:11:57,2022-05-11 13:41:42,71,208,2022-05-11
288958,2022-05-05 13:12:09,2022-05-05 13:12:23,132,132,2022-05-05
288965,2022-05-05 13:13:02,2022-05-05 13:17:52,132,202,2022-05-05
288970,2022-05-05 13:13:44,2022-05-05 13:13:57,73,73,2022-05-05
288984,2022-05-05 13:15:05,2022-05-05 13:21:12,73,69,2022-05-05
398898,2022-05-11 13:14:42,2022-05-11 13:21:51,38,161,2022-05-11
398901,2022-05-11 13:14:42,2022-05-11 13:21:51,38,161,2022-05-11
289016,2022-05-05 13:18:44,2022-05-05 13:45:44,245,245,2022-05-05
289032,2022-05-05 13:19:56,2022-05-05 14:15:47,132,132,2022-05-05
289039,2022-05-05 13:20:09,2022-05-05 18:00:26,132,83,2022-05-05
399037,2022-05-11 13:21:46,2022-05-11 13:57:21,43,5,2022-05-11
399038,2022-05-11 13:21:46,2022-05-11 13:57:21,43,5,2022-05-11
399070,2022-05-11 13:24:25,2022-05-11 13:53:57,85,90,2022-05-11
399071,2022-05-11 13:24:25,2022-05-11 13:53:57,85,90,2022-05-11
399072,2022-05-11 13:24:30,2022-05-11 13:31:55,85,70,2022-05-11
399073,2022-05-11 13:24:30,2022-05-11 13:31:55,85,70,2022-05-11
399103,2022-05-11 13:26:23,2022-05-11 13:30:07,44,121,2022-05-11
399105,2022-05-11 13:26:23,2022-05-11 13:30:07,44,121,2022-05-11
289097,2022-05-05 13:26:26,2022-05-05 13:37:10,245,133,2022-05-05
399267,2022-05-11 13:35:39,2022-05-11 13:58:14,43,146,2022-05-11
399268,2022-05-11 13:35:39,2022-05-11 13:58:14,43,146,2022-05-11
399305,2022-05-11 13:37:55,2022-05-11 13:38:09,176,176,2022-05-11
399498,2022-05-11 13:49:23,2022-05-11 14:07:33,216,125,2022-05-11
399515,2022-05-11 13:49:52,2022-05-11 13:56:00,74,181,2022-05-11
399518,2022-05-11 13:49:52,2022-05-11 13:56:00,74,181,2022-05-11
399529,2022-05-11 13:50:09,2022-05-11 14:00:28,127,104,2022-05-11
399530,2022-05-11 13:50:09,2022-05-11 14:00:28,127,104,2022-05-11
399545,2022-05-11 13:50:25,2022-05-11 13:54:31,76,82,2022-05-11
399617,2022-05-11 13:53:17,2022-05-11 13:56:51,71,182,2022-05-11
399618,2022-05-11 13:53:17,2022-05-11 13:56:51,71,182,2022-05-11
399683,2022-05-11 13:54:52,2022-05-11 14:06:12,74,121,2022-05-11
399684,2022-05-11 13:54:52,2022-05-11 14:06:12,74,121,2022-05-11
289471,2022-05-05 13:56:20,2022-05-05 14:34:08,155,154,2022-05-05
399703,2022-05-11 13:55:29,2022-05-11 14:18:42,216,180,2022-05-11
399704,2022-05-11 13:55:29,2022-05-11 14:18:42,216,180,2022-05-11
399751,2022-05-11 13:57:52,2022-05-11 14:04:54,43,171,2022-05-11
399752,2022-05-11 13:57:52,2022-05-11 14:04:54,43,171,2022-05-11
289647,2022-05-05 14:07:16,2022-05-05 14:22:43,73,34,2022-05-05
400080,2022-05-11 14:08:04,2022-05-11 14:15:53,176,162,2022-05-11
400133,2022-05-11 14:09:49,2022-05-11 14:10:10,74,74,2022-05-11
400135,2022-05-11 14:09:49,2022-05-11 14:10:10,74,74,2022-05-11
400168,2022-05-11 14:10:21,2022-05-11 14:26:09,74,89,2022-05-11
400171,2022-05-11 14:10:21,2022-05-11 14:26:09,74,89,2022-05-11
400267,2022-05-11 14:12:13,2022-05-11 14:19:30,71,145,2022-05-11
400268,2022-05-11 14:12:13,2022-05-11 14:19:30,71,145,2022-05-11
400451,2022-05-11 14:17:59,2022-05-11 14:22:16,45,169,2022-05-11
400452,2022-05-11 14:17:59,2022-05-11 14:22:16,45,169,2022-05-11
400455,2022-05-11 14:18:03,2022-05-11 14:24:28,45,40,2022-05-11
400456,2022-05-11 14:18:03,2022-05-11 14:24:28,45,40,2022-05-11
400490,2022-05-11 14:18:51,2022-05-11 14:28:46,176,181,2022-05-11
400492,2022-05-11 14:18:51,2022-05-11 14:28:46,176,181,2022-05-11
401239,2022-05-11 14:41:37,2022-05-11 14:51:01,79,235,2022-05-11
401240,2022-05-11 14:41:37,2022-05-11 14:51:01,79,235,2022-05-11
401348,2022-05-11 14:44:56,2022-05-11 14:59:26,196,213,2022-05-11
401351,2022-05-11 14:44:56,2022-05-11 14:59:26,196,213,2022-05-11
401403,2022-05-11 14:46:08,2022-05-11 15:01:40,166,59,2022-05-11
401768,2022-05-11 14:57:04,2022-05-11 15:05:32,176,162,2022-05-11
401769,2022-05-11 14:57:04,2022-05-11 15:05:32,176,162,2022-05-11
401967,2022-05-11 15:05:51,2022-05-11 15:14:11,76,118,2022-05-11
402077,2022-05-11 15:09:35,2022-05-11 15:09:45,207,207,2022-05-11
402089,2022-05-11 15:09:49,2022-05-11 15:09:59,207,207,2022-05-11
402090,2022-05-11 15:09:50,2022-05-11 15:10:02,207,207,2022-05-11
402093,2022-05-11 15:10:01,2022-05-11 15:10:14,207,207,2022-05-11
402096,2022-05-11 15:10:16,2022-05-11 15:10:44,207,207,2022-05-11
402103,2022-05-11 15:10:22,2022-05-11 15:10:31,207,207,2022-05-11
402108,2022-05-11 15:10:36,2022-05-11 15:11:58,207,207,2022-05-11
402119,2022-05-11 15:11:00,2022-05-11 15:11:20,207,207,2022-05-11
402146,2022-05-11 15:11:42,2022-05-11 15:12:01,207,207,2022-05-11
402241,2022-05-11 15:14:36,2022-05-11 15:20:38,43,27,2022-05-11
402253,2022-05-11 15:14:55,2022-05-11 15:24:04,196,92,2022-05-11
402254,2022-05-11 15:14:55,2022-05-11 15:24:04,196,92,2022-05-11
402445,2022-05-11 15:19:57,2022-05-11 15:20:09,206,206,2022-05-11
402448,2022-05-11 15:20:04,2022-05-11 15:20:12,206,206,2022-05-11
402459,2022-05-11 15:20:24,2022-05-11 15:20:35,206,206,2022-05-11
402460,2022-05-11 15:20:25,2022-05-11 15:20:39,206,206,2022-05-11
402473,2022-05-11 15:20:44,2022-05-11 15:20:57,206,206,2022-05-11
402484,2022-05-11 15:20:55,2022-05-11 15:21:08,206,206,2022-05-11
402497,2022-05-11 15:21:06,2022-05-11 15:21:14,206,206,2022-05-11
402516,2022-05-11 15:21:18,2022-05-11 15:21:28,206,206,2022-05-11
402523,2022-05-11 15:21:29,2022-05-11 15:21:45,206,206,2022-05-11
402553,2022-05-11 15:22:04,2022-05-11 15:24:06,206,206,2022-05-11
402576,2022-05-11 15:22:28,2022-05-11 15:22:38,206,206,2022-05-11
402583,2022-05-11 15:22:32,2022-05-11 15:22:47,206,206,2022-05-11
402592,2022-05-11 15:22:53,2022-05-11 15:25:04,206,206,2022-05-11
402595,2022-05-11 15:22:56,2022-05-11 15:23:08,206,206,2022-05-11
402596,2022-05-11 15:23:11,2022-05-11 15:31:35,260,123,2022-05-11
402597,2022-05-11 15:23:11,2022-05-11 15:31:35,260,123,2022-05-11
402604,2022-05-11 15:23:27,2022-05-11 15:23:55,206,206,2022-05-11
402629,2022-05-11 15:24:06,2022-05-11 15:24:20,206,206,2022-05-11
402634,2022-05-11 15:24:13,2022-05-11 15:24:27,206,206,2022-05-11
402645,2022-05-11 15:24:33,2022-05-11 15:24:48,206,206,2022-05-11
402666,2022-05-11 15:25:02,2022-05-11 15:25:15,206,206,2022-05-11
402668,2022-05-11 15:25:08,2022-05-11 15:36:00,196,72,2022-05-11
402677,2022-05-11 15:25:22,2022-05-11 15:25:29,206,206,2022-05-11
402684,2022-05-11 15:25:31,2022-05-11 15:25:57,206,206,2022-05-11
402695,2022-05-11 15:25:36,2022-05-11 15:49:00,260,216,2022-05-11
402696,2022-05-11 15:25:36,2022-05-11 15:49:00,260,216,2022-05-11
402713,2022-05-11 15:26:17,2022-05-11 15:26:27,206,206,2022-05-11
402848,2022-05-11 15:31:27,2022-05-11 15:35:57,43,163,2022-05-11
402850,2022-05-11 15:31:27,2022-05-11 15:35:57,43,163,2022-05-11
402985,2022-05-11 15:36:12,2022-05-11 15:52:16,49,26,2022-05-11
403051,2022-05-11 15:38:25,2022-05-11 15:42:52,235,213,2022-05-11
403052,2022-05-11 15:38:25,2022-05-11 15:42:52,235,213,2022-05-11
403075,2022-05-11 15:39:05,2022-05-11 15:50:26,235,45,2022-05-11
403077,2022-05-11 15:39:05,2022-05-11 15:50:26,235,45,2022-05-11
403132,2022-05-11 15:41:31,2022-05-11 15:41:45,235,235,2022-05-11
403133,2022-05-11 15:41:31,2022-05-11 15:41:45,235,235,2022-05-11
403141,2022-05-11 15:41:57,2022-05-11 15:44:08,235,222,2022-05-11
403143,2022-05-11 15:41:57,2022-05-11 15:44:08,235,222,2022-05-11
403171,2022-05-11 15:43:13,2022-05-11 15:49:13,235,171,2022-05-11
403173,2022-05-11 15:43:13,2022-05-11 15:49:13,235,171,2022-05-11
403334,2022-05-11 15:50:08,2022-05-11 15:50:43,252,252,2022-05-11
403474,2022-05-11 15:57:32,2022-05-11 16:17:14,235,96,2022-05-11
403476,2022-05-11 15:57:39,2022-05-11 16:22:06,235,140,2022-05-11
403477,2022-05-11 15:57:39,2022-05-11 16:22:06,235,140,2022-05-11
403913,2022-05-11 16:12:51,2022-05-11 16:33:22,235,86,2022-05-11
403914,2022-05-11 16:12:51,2022-05-11 16:33:22,235,86,2022-05-11
404060,2022-05-11 16:18:02,2022-05-11 16:29:34,70,124,2022-05-11
404078,2022-05-11 16:18:39,2022-05-11 16:26:41,192,251,2022-05-11
404306,2022-05-11 16:27:48,2022-05-11 16:29:34,73,82,2022-05-11
404523,2022-05-11 16:37:42,2022-05-11 16:48:07,192,214,2022-05-11
404610,2022-05-11 16:41:20,2022-05-11 17:03:25,260,199,2022-05-11
404611,2022-05-11 16:41:20,2022-05-11 17:03:25,260,199,2022-05-11
404623,2022-05-11 16:41:46,2022-05-11 16:55:07,192,12,2022-05-11
404625,2022-05-11 16:41:46,2022-05-11 16:55:07,192,12,2022-05-11
404671,2022-05-11 16:43:13,2022-05-11 16:56:49,192,125,2022-05-11
404672,2022-05-11 16:43:13,2022-05-11 16:56:49,192,125,2022-05-11
404777,2022-05-11 16:46:51,2022-05-11 16:54:52,181,80a,2022-05-11
404996,2022-05-11 16:54:00,2022-05-11 16:58:25,192,183,2022-05-11
404997,2022-05-11 16:54:00,2022-05-11 16:58:25,192,183,2022-05-11
405077,2022-05-11 16:55:57,2022-05-11 16:56:17,232,232,2022-05-11
405086,2022-05-11 16:56:30,2022-05-11 17:09:19,232,220,2022-05-11
405087,2022-05-11 16:56:30,2022-05-11 17:09:19,232,220,2022-05-11
405612,2022-05-11 17:14:20,2022-05-11 17:14:43,155,155,2022-05-11
405625,2022-05-11 17:14:49,2022-05-11 17:16:45,155,155,2022-05-11
405630,2022-05-11 17:14:54,2022-05-11 17:15:25,155,155,2022-05-11
405631,2022-05-11 17:14:59,2022-05-11 17:27:54,192,84,2022-05-11
405633,2022-05-11 17:14:59,2022-05-11 17:27:54,192,84,2022-05-11
405639,2022-05-11 17:15:07,2022-05-11 17:15:36,155,155,2022-05-11
405654,2022-05-11 17:15:50,2022-05-11 17:16:16,155,155,2022-05-11
405759,2022-05-11 17:18:25,2022-05-11 17:18:35,155,155,2022-05-11
405771,2022-05-11 17:18:52,2022-05-11 17:19:12,155,155,2022-05-11
405799,2022-05-11 17:19:32,2022-05-11 17:20:14,155,155,2022-05-11
405817,2022-05-11 17:20:24,2022-05-11 17:23:32,196,195,2022-05-11
405818,2022-05-11 17:20:24,2022-05-11 17:23:32,196,195,2022-05-11
405851,2022-05-11 17:22:32,2022-05-11 17:36:11,144,123,2022-05-11
405852,2022-05-11 17:22:32,2022-05-11 17:36:11,144,123,2022-05-11
405859,2022-05-11 17:22:43,2022-05-11 17:27:37,144,140,2022-05-11
405860,2022-05-11 17:22:43,2022-05-11 17:27:37,144,140,2022-05-11
406087,2022-05-11 17:28:59,2022-05-11 17:37:51,137,238,2022-05-11
406131,2022-05-11 17:30:22,2022-05-11 18:01:06,137,235,2022-05-11
406132,2022-05-11 17:30:22,2022-05-11 18:01:06,137,235,2022-05-11
406175,2022-05-11 17:32:11,2022-05-11 17:50:19,137,81,2022-05-11
406176,2022-05-11 17:32:11,2022-05-11 17:50:19,137,81,2022-05-11
406538,2022-05-11 17:43:41,2022-05-11 18:14:50,214,238,2022-05-11
406558,2022-05-11 17:44:06,2022-05-11 18:06:42,192,121,2022-05-11
406561,2022-05-11 17:44:06,2022-05-11 18:06:42,192,121,2022-05-11
406565,2022-05-11 17:44:11,2022-05-11 17:47:07,144,144,2022-05-11
406566,2022-05-11 17:44:11,2022-05-11 17:47:07,144,144,2022-05-11
406581,2022-05-11 17:44:44,2022-05-11 17:56:52,214,144,2022-05-11
406583,2022-05-11 17:44:44,2022-05-11 17:56:52,214,144,2022-05-11
406731,2022-05-11 17:50:38,2022-05-11 18:06:42,192,12,2022-05-11
406732,2022-05-11 17:50:38,2022-05-11 18:06:42,192,12,2022-05-11
406818,2022-05-11 17:53:10,2022-05-11 18:25:11,181,181,2022-05-11
406820,2022-05-11 17:53:10,2022-05-11 18:25:11,181,181,2022-05-11
293106,2022-05-05 17:56:21,2022-05-05 19:01:14,73,47,2022-05-05
406910,2022-05-11 17:55:54,2022-05-11 18:37:09,137,137,2022-05-11
406911,2022-05-11 17:55:54,2022-05-11 18:37:09,137,137,2022-05-11
407027,2022-05-11 17:59:41,2022-05-11 18:07:25,137,247,2022-05-11
407029,2022-05-11 17:59:41,2022-05-11 18:07:25,137,247,2022-05-11
407127,2022-05-11 18:02:12,2022-05-11 18:14:22,214,243,2022-05-11
407128,2022-05-11 18:02:12,2022-05-11 18:14:22,214,243,2022-05-11
407194,2022-05-11 18:03:43,2022-05-11 18:11:23,214,193,2022-05-11
407195,2022-05-11 18:03:43,2022-05-11 18:11:23,214,193,2022-05-11
407217,2022-05-11 18:04:09,2022-05-11 18:19:14,193,223,2022-05-11
407456,2022-05-11 18:09:19,2022-05-11 18:24:54,144,80a,2022-05-11
407457,2022-05-11 18:09:19,2022-05-11 18:24:54,144,80a,2022-05-11
407504,2022-05-11 18:09:55,2022-05-11 18:10:05,214,214,2022-05-11
407505,2022-05-11 18:09:55,2022-05-11 18:10:05,214,214,2022-05-11
407545,2022-05-11 18:10:51,2022-05-11 18:30:32,260,46,2022-05-11
407546,2022-05-11 18:10:51,2022-05-11 18:30:32,260,46,2022-05-11
407557,2022-05-11 18:11:08,2022-05-11 18:11:27,214,214,2022-05-11
407558,2022-05-11 18:11:08,2022-05-11 18:11:27,214,214,2022-05-11
407576,2022-05-11 18:11:35,2022-05-11 18:35:53,214,226,2022-05-11
407578,2022-05-11 18:11:35,2022-05-11 18:35:53,214,226,2022-05-11
407692,2022-05-11 18:13:48,2022-05-11 18:22:26,171,86,2022-05-11
407693,2022-05-11 18:13:48,2022-05-11 18:22:26,171,86,2022-05-11
407791,2022-05-11 18:15:03,2022-05-11 18:34:28,214,181,2022-05-11
407792,2022-05-11 18:15:03,2022-05-11 18:34:28,214,181,2022-05-11
407825,2022-05-11 18:15:51,2022-05-11 18:19:05,141,139,2022-05-11
407826,2022-05-11 18:15:51,2022-05-11 18:19:05,141,139,2022-05-11
407928,2022-05-11 18:17:42,2022-05-11 18:42:43,260,86,2022-05-11
407929,2022-05-11 18:17:42,2022-05-11 18:42:43,260,86,2022-05-11
408074,2022-05-11 18:20:37,2022-05-11 18:35:09,144,125,2022-05-11
408075,2022-05-11 18:20:37,2022-05-11 18:35:09,144,125,2022-05-11
408201,2022-05-11 18:23:45,2022-05-11 18:37:09,260,200,2022-05-11
408203,2022-05-11 18:23:45,2022-05-11 18:37:09,260,200,2022-05-11
408279,2022-05-11 18:25:15,2022-05-11 18:25:28,207,207,2022-05-11
408302,2022-05-11 18:25:33,2022-05-11 18:25:42,207,207,2022-05-11
408304,2022-05-11 18:25:33,2022-05-11 18:25:42,207,207,2022-05-11
408333,2022-05-11 18:26:01,2022-05-11 18:26:18,144,144,2022-05-11
408335,2022-05-11 18:26:01,2022-05-11 18:26:18,144,144,2022-05-11
408452,2022-05-11 18:28:29,2022-05-11 18:36:25,141,93,2022-05-11
408454,2022-05-11 18:28:29,2022-05-11 18:36:25,141,93,2022-05-11
408456,2022-05-11 18:28:32,2022-05-11 18:53:14,166,14,2022-05-11
408509,2022-05-11 18:29:22,2022-05-11 18:45:44,144,8,2022-05-11
408650,2022-05-11 18:32:49,2022-05-11 18:52:36,137,57,2022-05-11
408652,2022-05-11 18:32:49,2022-05-11 18:52:36,137,57,2022-05-11
408690,2022-05-11 18:33:34,2022-05-11 18:34:03,235,235,2022-05-11
408691,2022-05-11 18:33:34,2022-05-11 18:34:03,235,235,2022-05-11
408724,2022-05-11 18:34:23,2022-05-11 18:56:11,158,199,2022-05-11
408725,2022-05-11 18:34:23,2022-05-11 18:56:11,158,199,2022-05-11
408805,2022-05-11 18:36:04,2022-05-11 18:37:10,235,235,2022-05-11
408806,2022-05-11 18:36:04,2022-05-11 18:37:10,235,235,2022-05-11
408850,2022-05-11 18:37:00,2022-05-11 18:46:02,137,238,2022-05-11
408878,2022-05-11 18:37:43,2022-05-11 18:45:43,235,47,2022-05-11
408894,2022-05-11 18:38:09,2022-05-11 18:38:26,137,137,2022-05-11
408895,2022-05-11 18:38:09,2022-05-11 18:38:26,137,137,2022-05-11
409010,2022-05-11 18:40:15,2022-05-11 18:46:30,166,125,2022-05-11
409047,2022-05-11 18:40:59,2022-05-11 18:53:30,166,4,2022-05-11
409050,2022-05-11 18:40:59,2022-05-11 18:53:30,166,4,2022-05-11
409219,2022-05-11 18:44:50,2022-05-11 18:45:07,137,137,2022-05-11
409221,2022-05-11 18:44:50,2022-05-11 18:45:07,137,137,2022-05-11
409331,2022-05-11 18:47:33,2022-05-11 19:26:57,1b,232,2022-05-11
409332,2022-05-11 18:47:33,2022-05-11 19:26:57,1b,232,2022-05-11
409429,2022-05-11 18:49:05,2022-05-11 19:01:41,102,184,2022-05-11
409430,2022-05-11 18:49:05,2022-05-11 19:01:41,102,184,2022-05-11
409491,2022-05-11 18:50:11,2022-05-11 19:13:57,214,40,2022-05-11
409493,2022-05-11 18:50:11,2022-05-11 19:13:57,214,40,2022-05-11
409494,2022-05-11 18:50:15,2022-05-11 19:14:40,260,212,2022-05-11
409495,2022-05-11 18:50:15,2022-05-11 19:14:40,260,212,2022-05-11
409528,2022-05-11 18:50:57,2022-05-11 19:03:54,214,99,2022-05-11
409529,2022-05-11 18:50:57,2022-05-11 19:03:54,214,99,2022-05-11
409662,2022-05-11 18:53:51,2022-05-11 19:03:46,144,139,2022-05-11
409678,2022-05-11 18:54:13,2022-05-11 18:54:28,144,144,2022-05-11
409680,2022-05-11 18:54:13,2022-05-11 18:54:28,144,144,2022-05-11
409697,2022-05-11 18:54:43,2022-05-11 19:06:42,104,184,2022-05-11
409713,2022-05-11 18:55:15,2022-05-11 19:08:53,104,42,2022-05-11
409715,2022-05-11 18:55:15,2022-05-11 19:08:53,104,42,2022-05-11
409749,2022-05-11 18:56:09,2022-05-11 19:10:27,104,52,2022-05-11
409750,2022-05-11 18:56:09,2022-05-11 19:10:27,104,52,2022-05-11
409784,2022-05-11 18:56:57,2022-05-11 19:03:11,207,213,2022-05-11
409803,2022-05-11 18:57:13,2022-05-11 19:10:53,104,52,2022-05-11
409804,2022-05-11 18:57:13,2022-05-11 19:10:53,104,52,2022-05-11
409807,2022-05-11 18:57:15,2022-05-11 19:02:47,207,213,2022-05-11
409808,2022-05-11 18:57:15,2022-05-11 19:02:47,207,213,2022-05-11
409850,2022-05-11 18:58:08,2022-05-11 18:58:46,137,137,2022-05-11
409852,2022-05-11 18:58:08,2022-05-11 18:58:46,137,137,2022-05-11
409899,2022-05-11 18:59:12,2022-05-11 18:59:23,137,137,2022-05-11
409901,2022-05-11 18:59:12,2022-05-11 18:59:23,137,137,2022-05-11
409911,2022-05-11 18:59:30,2022-05-11 18:59:43,137,137,2022-05-11
409913,2022-05-11 18:59:30,2022-05-11 18:59:43,137,137,2022-05-11
409915,2022-05-11 18:59:34,2022-05-11 19:11:07,104,190,2022-05-11
409916,2022-05-11 18:59:34,2022-05-11 19:11:07,104,190,2022-05-11
409933,2022-05-11 18:59:55,2022-05-11 19:04:32,118,81,2022-05-11
410214,2022-05-11 19:05:38,2022-05-11 19:05:52,137,137,2022-05-11
410215,2022-05-11 19:05:38,2022-05-11 19:05:52,137,137,2022-05-11
410562,2022-05-11 19:11:59,2022-05-11 19:12:19,206,206,2022-05-11
410563,2022-05-11 19:11:59,2022-05-11 19:12:19,206,206,2022-05-11
410592,2022-05-11 19:12:32,2022-05-11 19:24:03,206,200,2022-05-11
410593,2022-05-11 19:12:32,2022-05-11 19:24:03,206,200,2022-05-11
410721,2022-05-11 19:16:01,2022-05-11 19:28:41,102,125,2022-05-11
410722,2022-05-11 19:16:01,2022-05-11 19:28:41,102,125,2022-05-11
410723,2022-05-11 19:16:02,2022-05-11 19:16:24,207,207,2022-05-11
410724,2022-05-11 19:16:02,2022-05-11 19:16:24,207,207,2022-05-11
410763,2022-05-11 19:16:45,2022-05-11 19:25:11,144,196,2022-05-11
410765,2022-05-11 19:16:45,2022-05-11 19:25:11,144,196,2022-05-11
410770,2022-05-11 19:16:50,2022-05-11 19:17:21,166,166,2022-05-11
410771,2022-05-11 19:16:50,2022-05-11 19:17:21,166,166,2022-05-11
410914,2022-05-11 19:19:44,2022-05-11 19:29:42,214,196,2022-05-11
410915,2022-05-11 19:19:44,2022-05-11 19:29:42,214,196,2022-05-11
411040,2022-05-11 19:22:15,2022-05-11 19:22:29,137,137,2022-05-11
411041,2022-05-11 19:22:15,2022-05-11 19:22:29,137,137,2022-05-11
411042,2022-05-11 19:22:16,2022-05-11 19:33:36,206,137,2022-05-11
411044,2022-05-11 19:22:16,2022-05-11 19:33:36,206,137,2022-05-11
411378,2022-05-11 19:28:48,2022-05-11 19:29:04,102,102,2022-05-11
411379,2022-05-11 19:28:48,2022-05-11 19:29:04,102,102,2022-05-11
411444,2022-05-11 19:30:37,2022-05-11 19:30:54,102,102,2022-05-11
411446,2022-05-11 19:30:37,2022-05-11 19:30:54,102,102,2022-05-11
411501,2022-05-11 19:32:12,2022-05-11 19:37:40,102,28,2022-05-11
411502,2022-05-11 19:32:12,2022-05-11 19:37:40,102,28,2022-05-11
411829,2022-05-11 19:40:17,2022-05-11 20:02:04,206,200,2022-05-11
411831,2022-05-11 19:40:17,2022-05-11 20:02:04,206,200,2022-05-11
411890,2022-05-11 19:41:59,2022-05-11 20:08:42,160,53,2022-05-11
411891,2022-05-11 19:41:59,2022-05-11 20:08:42,160,53,2022-05-11
411906,2022-05-11 19:42:15,2022-05-11 19:44:04,155,155,2022-05-11
411936,2022-05-11 19:42:58,2022-05-11 20:07:34,155,1a,2022-05-11
411937,2022-05-11 19:42:58,2022-05-11 20:07:34,155,1a,2022-05-11
412173,2022-05-11 19:47:37,2022-05-11 20:04:10,214,99,2022-05-11
412175,2022-05-11 19:47:37,2022-05-11 20:04:10,214,99,2022-05-11
412304,2022-05-11 19:50:14,2022-05-11 20:06:28,214,247,2022-05-11
412305,2022-05-11 19:50:14,2022-05-11 20:06:28,214,247,2022-05-11
412584,2022-05-11 19:56:39,2022-05-11 20:18:39,206,191,2022-05-11
412648,2022-05-11 19:58:33,2022-05-11 20:05:37,118,81,2022-05-11
412649,2022-05-11 19:58:33,2022-05-11 20:05:37,118,81,2022-05-11
413175,2022-05-11 20:14:38,2022-05-11 20:20:03,206,209,2022-05-11
413266,2022-05-11 20:16:40,2022-05-11 20:17:10,247,247,2022-05-11
413755,2022-05-11 20:30:28,2022-05-11 20:39:48,73,98,2022-05-11
413937,2022-05-11 20:37:10,2022-05-11 20:37:20,155,155,2022-05-11
413940,2022-05-11 20:37:10,2022-05-11 20:37:20,155,155,2022-05-11
413945,2022-05-11 20:37:31,2022-05-11 20:45:11,155,212,2022-05-11
414065,2022-05-11 20:41:09,2022-05-11 20:41:22,137,137,2022-05-11
414083,2022-05-11 20:41:35,2022-05-11 20:44:11,137,137,2022-05-11
414206,2022-05-11 20:44:28,2022-05-11 21:45:07,137,138,2022-05-11
414222,2022-05-11 20:44:40,2022-05-11 21:00:52,181,12,2022-05-11
414243,2022-05-11 20:45:07,2022-05-11 21:23:12,137,118,2022-05-11
414244,2022-05-11 20:45:07,2022-05-11 21:23:12,137,118,2022-05-11
414421,2022-05-11 20:50:29,2022-05-11 21:02:48,137,147,2022-05-11
414422,2022-05-11 20:50:29,2022-05-11 21:02:48,137,147,2022-05-11
414425,2022-05-11 20:50:31,2022-05-11 20:58:45,155,201,2022-05-11
414581,2022-05-11 20:54:44,2022-05-11 20:57:46,160,197,2022-05-11
414582,2022-05-11 20:54:44,2022-05-11 20:57:46,160,197,2022-05-11
414973,2022-05-11 21:06:06,2022-05-11 21:30:02,247,235,2022-05-11
414975,2022-05-11 21:06:06,2022-05-11 21:30:02,247,235,2022-05-11
415244,2022-05-11 21:12:41,2022-05-11 21:33:09,102,77,2022-05-11
415429,2022-05-11 21:18:05,2022-05-11 21:36:21,181,179,2022-05-11
415431,2022-05-11 21:18:05,2022-05-11 21:36:21,181,179,2022-05-11
415584,2022-05-11 21:23:19,2022-05-11 21:32:01,104,134,2022-05-11
415585,2022-05-11 21:23:19,2022-05-11 21:32:01,104,134,2022-05-11
415601,2022-05-11 21:23:52,2022-05-11 21:31:08,125,132,2022-05-11
415611,2022-05-11 21:24:05,2022-05-11 21:47:19,260,125,2022-05-11
415643,2022-05-11 21:25:32,2022-05-11 21:30:26,241,144,2022-05-11
415652,2022-05-11 21:26:13,2022-05-11 21:37:40,102,84,2022-05-11
415653,2022-05-11 21:26:13,2022-05-11 21:37:40,102,84,2022-05-11
416186,2022-05-11 21:46:54,2022-05-11 21:52:14,193,189,2022-05-11
416188,2022-05-11 21:46:54,2022-05-11 21:52:14,193,189,2022-05-11
416514,2022-05-11 22:02:22,2022-05-11 22:15:04,158,166,2022-05-11
416519,2022-05-11 22:02:28,2022-05-11 22:15:07,158,166,2022-05-11
416520,2022-05-11 22:02:28,2022-05-11 22:15:07,158,166,2022-05-11
417209,2022-05-11 22:52:45,2022-05-11 23:03:18,85,75,2022-05-11
